state,year,month,temperature,precipitation,snowfall,wind_speed
AL,2000,01,4.344827586206897,,,
AL,2000,02,8.292857142857143,,,
AL,2000,03,10.714814814814813,,,
AL,2000,04,16.462962962962962,,,
AL,2000,05,20.848148148148145,,,
AL,2000,06,25.729999999999997,,,
AL,2000,07,25.836666666666666,,,
AL,2000,08,26.68709677419354,,,
AL,2000,09,22.71333333333333,,,
AL,2000,10,18.703571428571426,,,
AL,2000,11,15.386666666666667,,,
AL,2000,12,10.446666666666665,,,
AL,2001,01,11.066666666666666,,,
AL,2001,02,10.375,,,
AL,2001,03,15.082758620689654,,,
AL,2001,04,14.343333333333332,,,
AL,2001,05,21.665,,,
AL,2001,06,25.207692307692312,,,
AL,2001,07,27.247619047619054,,,
AL,2001,08,28.45,,,
AL,2001,09,22.075000000000003,,,
AL,2001,10,19.094117647058823,,,
AL,2001,11,13.159090909090912,,,
AL,2001,12,5.0473684210526315,,,
AL,2002,01,8.271428571428572,,,
AL,2002,02,11.72777777777778,,,
AL,2002,03,14.356521739130432,,,
AL,2002,04,15.35185185185185,,,
AL,2002,05,19.65666666666667,,,
AL,2002,06,24.504347826086953,,,
AL,2002,07,26.93870967741935,,,
AL,2002,08,25.142307692307693,,,
AL,2002,09,20.176666666666666,,,
AL,2002,10,17.113333333333333,,,
AL,2002,11,13.683333333333335,,,
AL,2002,12,9.75806451612903,,,
AL,2003,01,9.859999999999996,,,
AL,2003,02,5.851851851851851,,,
AL,2003,03,11.174193548387098,,,
AL,2003,04,14.973333333333334,,,
AL,2003,05,22.696774193548393,,,
AL,2003,06,27.85,,,
AL,2003,07,28.038709677419355,,,
AL,2003,08,28.451612903225815,,,
AL,2003,09,21.806666666666665,,,
AL,2003,10,17.041935483870965,,,
AL,2003,11,13.863333333333333,,,
AL,2003,12,8.616129032258062,,,
AL,2004,01,6.7451612903225815,,,
AL,2004,02,8.520689655172415,,,
AL,2004,03,11.719354838709679,,,
AL,2004,04,15.76333333333333,,,
AL,2004,05,17.61290322580645,,,
AL,2004,06,23.333333333333336,,,
AL,2004,07,26.153333333333332,,,
AL,2004,08,24.861290322580647,,,
AL,2004,09,21.600000000000005,,,
AL,2004,10,19.09677419354839,,,
AL,2004,11,11.763333333333339,,,
AL,2004,12,9.741935483870968,,,
AL,2005,01,6.554838709677419,,,
AL,2005,02,6.371428571428571,,,
AL,2005,03,10.854838709677418,,,
AL,2005,04,14.066666666666666,,,
AL,2005,05,20.42258064516129,,,
AL,2005,06,22.903333333333332,,,
AL,2005,07,26.093548387096774,,,
AL,2005,08,24.84193548387097,,,
AL,2005,09,22.226666666666667,,,
AL,2005,10,16.232258064516124,,,
AL,2005,11,11.593333333333334,,,
AL,2005,12,8.467741935483874,,,
AL,2006,01,5.506451612903226,,,
AL,2006,02,7.764285714285713,,,
AL,2006,03,10.812903225806453,,,
AL,2006,04,15.333333333333332,,,
AL,2006,05,18.835483870967742,,,
AL,2006,06,21.833333333333332,,,
AL,2006,07,24.9,,,
AL,2006,08,23.85806451612903,,,
AL,2006,09,21.016666666666662,,,
AL,2006,10,17.241935483870964,,,
AL,2006,11,9.886666666666667,,,
AL,2006,12,7.500000000000002,,,
AL,2007,01,8.183870967741935,,,
AL,2007,02,9.596428571428572,,,
AL,2007,03,12.68064516129032,,,
AL,2007,04,15.363333333333332,,,
AL,2007,05,19.899999999999995,,,
AL,2007,06,24.34666666666666,,,
AL,2007,07,26.40967741935484,,,
AL,2007,08,25.52,,,
AL,2007,09,19.873333333333335,,,
AL,2007,10,16.15806451612903,,,
AL,2007,11,10.363333333333337,,,
AL,2007,12,6.7935483870967746,,,
AL,2008,01,7.2387096774193544,,,
AL,2008,02,7.882758620689656,,,
AL,2008,03,11.58709677419355,,,
AL,2008,04,13.743333333333334,,,
AL,2008,05,18.9,,,
AL,2008,06,23.13666666666666,,,
AL,2008,07,25.27419354838709,,,
AL,2008,08,25.299999999999994,,,
AL,2008,09,19.826666666666664,,,
AL,2008,10,16.41935483870968,,,
AL,2008,11,13.08,,,
AL,2008,12,8.20967741935484,,,
AL,2009,01,8.000000000000002,,,
AL,2009,02,6.600000000000001,,,
AL,2009,03,10.090322580645159,,,
AL,2009,04,15.483333333333338,,,
AL,2009,05,20.154838709677417,,,
AL,2009,06,21.956666666666667,,,
AL,2009,07,24.690322580645155,,,
AL,2009,08,25.658064516129034,,,
AL,2009,09,21.92666666666667,,,
AL,2009,10,15.654838709677424,,,
AL,2009,11,12.123333333333331,,,
AL,2009,12,10.26774193548387,,,
AL,2010,01,7.141935483870968,,,
AL,2010,02,8.76785714285714,,,
AL,2010,03,10.551612903225807,,,
AL,2010,04,14.950000000000001,,,
AL,2010,05,18.12258064516129,,,
AL,2010,06,22.220000000000002,,,
AL,2010,07,24.977419354838705,,,
AL,2010,08,24.951612903225804,,,
AL,2010,09,20.25333333333333,,,
AL,2010,10,15.52903225806452,,,
AL,2010,11,14.156666666666665,,,
AL,2010,12,8.406451612903227,,,
AL,2011,01,6.425806451612902,,,
AL,2011,02,7.975000000000001,,,
AL,2011,03,10.745161290322583,,,
AL,2011,04,14.453333333333328,,,
AL,2011,05,18.200000000000003,,,
AL,2011,06,22.9,,,
AL,2011,07,24.10322580645161,,,
AL,2011,08,25.0741935483871,,,
AL,2011,09,23.339999999999996,,,
AL,2011,10,14.98387096774194,,,
AL,2011,11,9.263333333333332,,,
AL,2011,12,8.274193548387094,,,
AL,2012,01,4.0935483870967735,,,
AL,2012,02,6.2379310344827585,,,
AL,2012,03,11.319354838709677,,,
AL,2012,04,13.786206896551722,,,
AL,2012,05,17.87096774193548,,,
AL,2012,06,23.889999999999997,,,
AL,2012,07,26.26451612903226,,,
AL,2012,08,25.28387096774193,,,
AL,2012,09,21.736666666666668,,,
AL,2012,10,17.735483870967737,,,
AL,2012,11,13.393333333333329,,,
AL,2012,12,6.799999999999999,,,
AL,2013,01,7.316129032258062,,,
AL,2013,02,8.489285714285712,,,
AL,2013,03,11.06774193548387,,,
AL,2013,04,15.219999999999997,,,
AL,2013,05,18.970967741935485,,,
AL,2013,06,21.456666666666667,,,
AL,2013,07,24.429032258064517,,,
AL,2013,08,25.216129032258063,,,
AL,2013,09,20.580000000000002,,,
AL,2013,10,16.55483870967742,,,
AL,2013,11,12.863333333333335,,,
AL,2013,12,6.780645161290324,,,
AL,2014,01,9.58064516129032,,,
AL,2014,02,10.417857142857144,,,
AL,2014,03,11.316129032258063,,,
AL,2014,04,13.656666666666665,,,
AL,2014,05,17.20645161290323,,,
AL,2014,06,22.240000000000002,,,
AL,2014,07,23.467741935483875,,,
AL,2014,08,24.496774193548386,,,
AL,2014,09,20.240000000000002,,,
AL,2014,10,16.45806451612903,,,
AL,2014,11,13.079999999999993,,,
AL,2014,12,8.332258064516127,,,
AL,2015,01,6.2225806451612895,,,
AL,2015,02,7.825000000000001,,,
AL,2015,03,10.82258064516129,,,
AL,2015,04,13.2,,,
AL,2015,05,19.303225806451607,,,
AL,2015,06,22.373333333333335,,,
AL,2015,07,26.89677419354838,,,
AL,2015,08,26.367741935483867,,,
AL,2015,09,22.680000000000003,,,
AL,2015,10,16.993548387096777,,,
AL,2015,11,12.433333333333335,,,
AL,2015,12,6.822580645161292,,,
AL,2016,01,7.293548387096774,,,
AL,2016,02,11.827586206896552,,,
AL,2016,03,11.429032258064517,,,
AL,2016,04,16.036666666666665,,,
AL,2016,05,17.69677419354839,,,
AL,2016,06,23.36,,,
AL,2016,07,25.648387096774186,,,
AL,2016,08,24.570967741935483,,,
AL,2016,09,20.813333333333336,,,
AL,2016,10,16.58064516129032,,,
AL,2016,11,11.593333333333334,,,
AL,2016,12,4.393548387096775,,,
AL,2017,01,3.803225806451613,,,
AL,2017,02,9.771428571428572,,,
AL,2017,03,12.196774193548388,,,
AL,2017,04,13.879999999999997,,,
AL,2017,05,18.554838709677416,,,
AL,2017,06,24.206666666666663,,,
AL,2017,07,26.167741935483868,,,
AL,2017,08,26.2516129032258,,,
AL,2017,09,20.203333333333333,,,
AL,2017,10,15.074193548387095,,,
AL,2017,11,11.069999999999999,,,
AL,2017,12,7.5,,,
AL,2018,01,7.558064516129034,,,
AL,2018,02,8.528571428571427,,,
AL,2018,03,12.035483870967749,,,
AL,2018,04,17.176666666666666,,,
AL,2018,05,20.67419354838709,,,
AL,2018,06,23.033333333333324,,,
AL,2018,07,24.919354838709673,,,
AL,2018,08,25.922580645161297,,,
AL,2018,09,22.02413793103448,,,
AL,2018,10,17.841935483870966,,,
AL,2018,11,12.966666666666669,,,
AL,2018,12,6.90967741935484,,,
AL,2019,01,4.996774193548387,,,
AL,2019,02,8.421428571428569,,,
AL,2019,03,12.280645161290327,,,
AL,2019,04,14.77666666666667,,,
AL,2019,05,16.70967741935484,,,
AL,2019,06,24.65999999999999,,,
AL,2019,07,25.090322580645164,,,
AL,2019,08,26.070967741935487,,,
AL,2019,09,22.180000000000003,,,
AL,2019,10,17.677419354838708,,,
AL,2019,11,14.913333333333336,,,
AL,2019,12,9.206451612903228,,,
AL,2020,01,5.951612903225806,,,
AL,2020,02,9.110344827586207,,,
AL,2020,03,11.493548387096773,,,
AL,2020,04,13.796666666666665,,,
AL,2020,05,18.754838709677415,,,
AL,2020,06,21.546666666666663,,,
AL,2020,07,25.11612903225807,,,
AL,2020,08,25.883870967741938,,,
AL,2020,09,22.92333333333334,,,
AL,2020,10,16.32258064516129,,,
AL,2020,11,11.106666666666671,,,
AL,2020,12,10.422580645161291,,,
AL,2021,01,7.79032258064516,,,
AL,2021,02,8.276,,,
AL,2021,03,9.190322580645162,,,
AL,2021,04,12.393333333333336,,,
AL,2021,05,18.577419354838717,,,
AL,2021,06,23.586666666666666,,,
AL,2021,07,26.5,,,
AL,2021,08,26.403225806451612,,,
AL,2021,09,21.46666666666666,,,
AL,2021,10,15.60967741935484,,,
AL,2021,11,13.856666666666662,,,
AL,2021,12,7.6258064516129025,,,
AL,2022,01,5.706451612903226,,,
AL,2022,02,8.203571428571427,,,
AL,2022,03,8.309677419354838,,,
AL,2022,04,14.039999999999994,,,
AL,2022,05,19.63548387096774,,,
AL,2022,06,25.273333333333326,,,
AL,2022,07,26.267741935483865,,,
AL,2022,08,25.706451612903226,,,
AL,2022,09,21.02333333333333,,,
AL,2022,10,16.612903225806456,,,
AL,2022,11,13.266666666666671,,,
AL,2022,12,11.32258064516129,,,
AR,2000,01,23.14280000000001,,,
AR,2001,01,23.394599999999986,,,
AR,2002,01,22.55580000000002,,,
AR,2003,01,23.640199999999975,,,
AR,2004,01,23.69559999999996,,,
AR,2005,01,24.71600000000001,,,
AR,2006,01,23.82270000000003,,,
AR,2007,01,22.870100000000004,,,
AR,2008,01,24.25740000000002,,,
AR,2009,01,22.827599999999993,,,
AR,2010,01,23.048400000000008,,,
AR,2011,01,23.3049,,,
AR,2012,01,25.04429999999997,,,
AR,2013,01,23.449300000000004,,,
AR,2014,01,23.75869999999999,,,
AR,2015,01,22.811299999999974,,,
AR,2016,01,23.113600000000005,,,
AR,2017,01,23.523300000000006,,,
AR,2018,01,23.39930000000003,,,
AR,2019,01,22.007400000000015,,,
AR,2020,01,23.51979999999998,,,
AR,2021,01,22.70169999999998,,,
AR,2022,01,25.88650000000002,,,
CA,2000,01,-16.757699999999986,,,
CA,2001,01,-13.869799999999996,,,
CA,2002,01,-10.410300000000003,,,
CA,2003,01,-13.584299999999995,,,
CA,2004,01,-19.005700000000015,,,
CA,2005,01,-16.8115,,,
CA,2006,01,-11.590399999999981,,,
CA,2007,01,-8.205599999999988,,,
CA,2008,01,-14.486100000000006,,,
CA,2009,01,-19.32040000000001,,,
CA,2010,01,-16.849999999999994,,,
CA,2011,01,-11.240599999999997,,,
CA,2012,01,-13.850899999999994,,,
CA,2013,01,-15.257500000000018,,,
CA,2014,01,-21.033500000000032,,,
CA,2015,01,-19.47259999999999,,,
CA,2016,01,-6.730700000000011,,,
CA,2017,01,-10.13039999999997,,,
CA,2018,01,-17.651699999999988,,,
CA,2019,01,-7.727400000000011,,,
CA,2020,01,-4.093100000000003,,,
CA,2021,01,-6.344700000000001,,,
CA,2022,01,-20.474199999999975,,,
CO,2000,01,23.385294117647025,,,
CO,2000,02,23.26740088105728,,,
CO,2000,03,24.331428571428567,,,
CO,2001,01,23.942803030303025,,,
CO,2001,02,24.134490238611704,,,
CO,2001,03,24.681818181818183,,,
CO,2002,01,24.22382892057027,,,
CO,2002,02,24.628397565922928,,,
CO,2002,03,24.406250000000004,,,
CO,2003,01,24.68850806451616,,,
CO,2003,02,24.97936842105263,,,
CO,2003,03,24.444827586206895,,,
CO,2004,01,23.968385650224217,,,
CO,2004,02,24.21444695259593,,,
CO,2004,03,24.624324324324334,,,
CO,2005,01,24.53201820940817,,,
CO,2005,02,23.95043988269795,,,
CO,2006,01,23.696703296703316,,,
CO,2006,02,24.13067484662577,,,
CO,2006,03,23.99223744292238,,,
CO,2007,01,24.033613445378137,,,
CO,2007,02,24.67201166180758,,,
CO,2007,03,24.325333333333354,,,
CO,2008,01,22.352525252525258,,,
CO,2008,02,22.69801324503312,,,
CO,2008,03,22.832374100719427,,,
CO,2008,04,23.074825174825175,,,
CO,2008,05,23.45070422535212,,,
CO,2008,06,23.518823529411765,,,
CO,2009,01,22.908064516129006,,,
CO,2009,02,23.092857142857145,,,
CO,2009,03,23.473036649214652,,,
CO,2010,01,25.761538461538432,,,
CO,2010,02,26.339382239382235,,,
CO,2011,01,24.808198757763964,,,
CO,2011,02,24.78769230769231,,,
CO,2012,01,24.469806763284996,,,
CO,2012,02,24.71453488372093,,,
CO,2013,01,25.44407514450869,,,
CO,2013,02,24.558441558441558,,,
CO,2014,01,24.743987823439866,,,
CO,2014,02,25.055685131195325,,,
CO,2015,01,25.328029375764952,,,
CO,2015,02,25.299453551912546,,,
CO,2016,01,26.262962962962966,,,
CO,2016,02,26.237423312883447,,,
CO,2017,01,24.632694610778454,,,
CO,2017,02,25.743636363636362,,,
CO,2018,01,24.868585131894495,,,
CO,2018,02,25.313253012048193,,,
CO,2019,01,25.393906810035848,,,
CO,2019,02,25.60613496932516,,,
CO,2020,01,25.71206690561531,,,
CO,2020,02,26.37300613496932,,,
CO,2021,01,23.617611940298477,,,
CO,2021,02,24.378729281767956,,,
CO,2021,03,23.626402640264033,,,
CO,2022,01,24.893906810035883,,,
CO,2022,02,25.13435582822087,,,
CT,2000,01,25.65211267605634,,,
CT,2000,02,26.6472340425532,,,
CT,2000,03,27.56837209302326,,,
CT,2000,04,27.354639175257724,,,
CT,2000,05,26.22972972972972,,,
CT,2000,06,24.270625000000006,,,
CT,2000,07,23.881818181818183,,,
CT,2001,01,22.916860465116287,,,
CT,2001,02,26.145762711864418,,,
CT,2001,03,26.43906249999999,,,
CT,2001,04,26.428571428571434,,,
CT,2001,05,26.409677419354836,,,
CT,2001,06,25.33793103448276,,,
CT,2001,07,24.696774193548386,,,
CT,2001,08,24.921212121212122,,,
CT,2001,09,24.18281250000001,,,
CT,2001,10,24.07471264367816,,,
CT,2001,11,24.58897637795275,,,
CT,2001,12,24.768181818181834,,,
CT,2002,01,23.583040935672518,,,
CT,2002,02,25.773758865248226,,,
CT,2002,03,26.407857142857146,,,
CT,2002,04,27.09655172413793,,,
CT,2002,05,27.23658536585366,,,
CT,2002,06,25.61764705882353,,,
CT,2002,07,25.58571428571429,,,
CT,2002,08,24.5695652173913,,,
CT,2002,09,25.12258064516129,,,
CT,2002,10,24.816666666666663,,,
CT,2002,11,25.12258064516129,,,
CT,2002,12,24.312500000000004,,,
CT,2003,01,24.958823529411767,,,
CT,2003,02,27.114285714285714,,,
CT,2003,03,27.288888888888884,,,
CT,2003,04,26.444117647058825,,,
CT,2003,05,26.607894736842102,,,
CT,2003,06,25.119444444444444,,,
CT,2003,07,24.72857142857144,,,
CT,2003,08,24.699999999999992,,,
CT,2003,09,24.662857142857145,,,
CT,2003,10,24.01896551724137,,,
CT,2003,11,25.077083333333338,,,
CT,2003,12,24.189189189189186,,,
CT,2004,01,25.01951219512195,,,
CT,2004,02,25.486046511627904,,,
CT,2004,03,27.51666666666666,,,
CT,2004,04,25.831081081081074,,,
CT,2004,05,24.879452054794534,,,
CT,2004,06,23.846153846153836,,,
CT,2004,07,23.79784946236559,,,
CT,2004,08,24.236363636363635,,,
CT,2004,09,25.125806451612902,,,
CT,2004,10,24.980645161290326,,,
CT,2004,11,25.24137931034483,,,
CT,2004,12,24.862068965517242,,,
CT,2005,01,24.991666666666664,,,
CT,2005,02,28.55384615384616,,,
CT,2005,03,27.007999999999992,,,
CT,2005,04,26.610638297872352,,,
CT,2005,05,26.01025641025641,,,
CT,2005,06,25.275675675675675,,,
CT,2005,07,24.402857142857155,,,
CT,2005,08,24.658536585365855,,,
CT,2005,09,25.514285714285716,,,
CT,2005,10,24.806250000000006,,,
CT,2005,11,25.845945945945946,,,
CT,2005,12,24.91111111111111,,,
CT,2006,01,25.812820512820515,,,
CT,2006,02,27.511428571428564,,,
CT,2006,03,26.82162162162162,,,
CT,2006,04,26.7780487804878,,,
CT,2006,05,25.61944444444445,,,
CT,2006,06,25.946153846153845,,,
CT,2006,07,24.67142857142857,,,
CT,2006,08,25.15652173913043,,,
CT,2006,09,25.24705882352941,,,
CT,2006,10,24.94545454545455,,,
CT,2006,11,24.865306122448978,,,
CT,2006,12,23.983928571428578,,,
CT,2007,01,24.65,,,
CT,2007,02,26.930555555555557,,,
CT,2007,03,27.452173913043467,,,
CT,2007,04,27.4,,,
CT,2007,05,26.804347826086957,,,
CT,2007,06,25.268085106382966,,,
CT,2007,07,24.747826086956515,,,
CT,2007,08,24.211494252873553,,,
CT,2007,09,24.21566265060241,,,
CT,2007,10,24.30909090909091,,,
CT,2007,11,24.489,,,
CT,2007,12,24.51785714285714,,,
CT,2008,01,24.897916666666664,,,
CT,2008,02,26.043478260869566,,,
CT,2008,03,26.76363636363636,,,
CT,2008,04,25.506153846153843,,,
CT,2008,05,25.571999999999985,,,
CT,2008,06,24.86455696202531,,,
CT,2008,07,23.987628865979374,,,
CT,2008,08,24.135576923076933,,,
CT,2008,09,24.450833333333346,,,
CT,2008,10,24.4217105263158,,,
CT,2008,11,24.67533333333334,,,
CT,2009,01,25.061748633879773,,,
CT,2009,02,26.422619047619044,,,
CT,2009,03,27.826779661016943,,,
CT,2009,04,26.342857142857156,,,
CT,2009,05,26.111666666666668,,,
CT,2010,01,25.403238866396766,,,
CT,2010,02,27.58115942028986,,,
CT,2010,03,26.475555555555566,,,
CT,2010,04,27.91428571428571,,,
CT,2010,05,26.95090909090909,,,
CT,2010,06,25.40608108108108,,,
CT,2010,07,24.49499999999999,,,
CT,2011,01,22.318905472636814,,,
CT,2011,02,26.579581151832475,,,
CT,2011,03,27.568067226890783,,,
CT,2011,04,26.974672489082973,,,
CT,2011,05,27.2063829787234,,,
CT,2012,01,23.119031141868504,,,
CT,2012,02,26.06523605150215,,,
CT,2012,03,27.022483221476506,,,
CT,2012,04,26.486666666666647,,,
CT,2013,01,25.0856,,,
CT,2013,02,26.501680672268908,,,
CT,2013,03,25.68659793814434,,,
CT,2013,04,25.53698630136986,,,
CT,2013,05,24.91529411764706,,,
CT,2013,06,24.087777777777774,,,
CT,2013,07,23.11348314606742,,,
CT,2013,08,22.963953488372088,,,
CT,2013,09,23.368539325842697,,,
CT,2013,10,23.063414634146337,,,
CT,2013,11,23.986153846153847,,,
CT,2014,01,25.1,,,
CT,2014,02,26.129411764705868,,,
CT,2014,03,25.814999999999998,,,
CT,2014,04,25.351020408163276,,,
CT,2014,05,25.201886792452836,,,
CT,2014,06,24.323684210526313,,,
CT,2014,07,23.756578947368418,,,
CT,2014,08,22.98554216867471,,,
CT,2014,09,23.09047619047619,,,
CT,2014,10,24.278461538461546,,,
CT,2014,11,24.108433734939766,,,
CT,2014,12,23.607317073170734,,,
CT,2015,01,22.854216867469876,,,
CT,2015,02,26.18333333333333,,,
CT,2015,03,26.219480519480523,,,
CT,2015,04,25.450724637681166,,,
CT,2015,05,25.234782608695653,,,
CT,2015,06,24.36615384615385,,,
CT,2015,07,24.30243902439024,,,
CT,2015,08,24.001204819277106,,,
CT,2015,09,24.039436619718302,,,
CT,2015,10,23.92388059701493,,,
CT,2015,11,24.979268292682924,,,
CT,2015,12,23.503296703296705,,,
CT,2016,01,24.613095238095234,,,
CT,2016,02,27.587654320987653,,,
CT,2016,03,27.156976744186046,,,
CT,2016,04,26.302325581395344,,,
CT,2016,05,25.1752688172043,,,
CT,2016,06,23.888764044943812,,,
CT,2016,07,23.735227272727276,,,
CT,2016,08,23.78804347826087,,,
CT,2016,09,23.744318181818183,,,
CT,2016,10,24.508695652173916,,,
CT,2016,11,24.97441860465116,,,
CT,2016,12,24.674285714285713,,,
CT,2017,01,25.56666666666667,,,
CT,2017,02,26.79024390243903,,,
CT,2017,03,26.837634408602156,,,
CT,2017,04,25.677528089887648,,,
CT,2017,05,24.865217391304352,,,
CT,2017,06,24.504651162790704,,,
CT,2017,07,23.261111111111113,,,
CT,2017,08,23.45494505494506,,,
CT,2017,09,23.486363636363624,,,
CT,2017,10,24.416304347826095,,,
CT,2017,11,24.543181818181814,,,
CT,2017,12,25.43125,,,
CT,2018,01,23.374193548387105,,,
CT,2018,02,26.28571428571428,,,
CT,2018,03,25.692473118279565,,,
CT,2018,04,25.810344827586206,,,
CT,2018,05,24.369565217391294,,,
CT,2018,06,24.131460674157296,,,
CT,2018,07,23.106741573033712,,,
CT,2018,08,23.36344086021505,,,
CT,2018,09,23.862650602409627,,,
CT,2018,10,24.031818181818178,,,
CT,2018,11,25.285057471264366,,,
CT,2018,12,24.48965517241379,,,
CT,2019,01,25.15934065934066,,,
CT,2019,02,25.433898305084735,,,
CT,2019,03,26.52666666666666,,,
CT,2019,04,25.959459459459453,,,
CT,2019,05,26.02666666666666,,,
CT,2019,06,25.30181818181818,,,
CT,2019,07,24.02173913043479,,,
CT,2019,08,23.497674418604653,,,
CT,2019,09,23.94,,,
CT,2019,10,23.16666666666666,,,
CT,2019,11,24.86455696202532,,,
CT,2019,12,24.308139534883715,,,
CT,2020,01,23.82065217391304,,,
CT,2020,02,26.035714285714292,,,
CT,2020,03,26.87701149425287,,,
CT,2020,04,26.308450704225343,,,
CT,2020,05,25.96133333333334,,,
CT,2020,06,24.16741573033708,,,
CT,2020,07,23.460869565217386,,,
CT,2020,08,23.94000000000002,,,
CT,2020,09,23.91000000000001,,,
CT,2020,10,24.353846153846145,,,
CT,2020,11,25.11666666666667,,,
CT,2020,12,26.217460317460322,,,
CT,2021,01,25.753623188405793,,,
CT,2021,02,26.511666666666663,,,
CT,2021,03,26.154347826086955,,,
CT,2021,04,26.69222222222222,,,
CT,2021,05,25.51739130434782,,,
CT,2021,06,24.823333333333323,,,
CT,2021,07,23.923863636363638,,,
CT,2021,08,23.81797752808989,,,
CT,2021,09,24.126666666666658,,,
CT,2021,10,24.427956989247313,,,
CT,2021,11,25.360714285714284,,,
CT,2021,12,25.538095238095227,,,
CT,2022,01,24.945454545454528,,,
CT,2022,02,26.542857142857148,,,
CT,2022,03,27.29032258064516,,,
CT,2022,04,25.035,,,
CT,2022,05,24.630379746835445,,,
CT,2022,06,24.174358974358977,,,
CT,2022,07,23.427777777777774,,,
CT,2022,08,23.665060240963857,,,
CT,2022,09,23.561363636363627,,,
CT,2022,10,24.145161290322587,,,
CT,2022,11,25.2067415730337,,,
CT,2022,12,24.976363636363626,,,
GA,2000,01,24.3551724137931,,,
GA,2000,02,25.277777777777775,,,
GA,2000,03,26.274193548387096,,,
GA,2000,04,26.083333333333336,,,
GA,2000,05,24.412903225806453,,,
GA,2000,06,26.935714285714287,,,
GA,2000,07,26.790322580645157,,,
GA,2000,08,26.772413793103446,,,
GA,2000,09,27.093103448275855,,,
GA,2000,10,26.825000000000003,,,
GA,2000,11,26.68823529411765,,,
GA,2001,02,26.236363636363635,,,
GA,2001,03,25.444827586206905,,,
GA,2001,04,25.30999999999999,,,
GA,2001,05,25.954838709677418,,,
GA,2001,06,27.66,,,
GA,2001,07,27.18148148148148,,,
GA,2001,08,27.09642857142857,,,
GA,2001,09,26.816666666666666,,,
GA,2001,10,27.970967741935482,,,
GA,2001,11,26.536666666666665,,,
GA,2001,12,25.8258064516129,,,
GA,2002,01,24.651612903225807,,,
GA,2002,02,25.425,,,
GA,2002,03,24.954838709677425,,,
GA,2002,04,24.373333333333335,,,
GA,2002,05,25.24193548387097,,,
GA,2002,06,27.563333333333325,,,
GA,2002,07,28.069565217391304,,,
GA,2002,08,27.48709677419356,,,
GA,2002,09,27.045833333333338,,,
GA,2002,10,27.814285714285717,,,
GA,2002,11,26.48333333333334,,,
GA,2002,12,25.666666666666668,,,
GA,2003,01,24.8,,,
GA,2003,04,25.368000000000002,,,
GA,2003,05,25.817857142857147,,,
GA,2003,08,26.951999999999998,,,
GA,2003,10,27.983333333333334,,,
GA,2003,11,26.986666666666668,,,
GA,2003,12,26.000000000000007,,,
GA,2004,01,24.139285714285712,,,
GA,2004,02,24.800000000000004,,,
GA,2004,03,25.896774193548385,,,
GA,2004,04,24.416666666666668,,,
GA,2004,05,25.380000000000003,,,
GA,2004,06,27.733333333333334,,,
GA,2004,07,27.17419354838709,,,
GA,2004,08,27.12580645161291,,,
GA,2004,09,27.633333333333336,,,
GA,2004,10,28.448387096774198,,,
GA,2004,11,27.518181818181816,,,
GA,2004,12,25.333333333333332,,,
GA,2005,01,22.950000000000003,,,
GA,2005,02,24.25833333333333,,,
GA,2005,03,25.93870967741935,,,
GA,2005,04,25.606666666666662,,,
GA,2005,05,28.400000000000002,,,
GA,2005,06,28.96206896551724,,,
GA,2005,07,27.524999999999995,,,
GA,2005,08,26.899999999999995,,,
GA,2005,09,27.150000000000002,,,
GA,2005,10,26.890000000000004,,,
GA,2005,11,27.599999999999998,,,
GA,2005,12,26.475862068965515,,,
GA,2006,01,23.86129032258064,,,
GA,2006,02,23.99444444444444,,,
GA,2006,03,25.83181818181818,,,
GA,2006,04,24.78461538461538,,,
GA,2006,05,25.212500000000002,,,
GA,2006,06,28.461111111111116,,,
GA,2006,07,27.700000000000003,,,
GA,2006,08,27.147999999999996,,,
GA,2006,09,27.449999999999996,,,
GA,2006,10,27.908333333333328,,,
GA,2006,11,27.708333333333332,,,
GA,2006,12,24.955555555555556,,,
GA,2007,01,24.50322580645162,,,
GA,2007,02,25.860869565217396,,,
GA,2007,03,26.170833333333334,,,
GA,2007,04,24.77,,,
GA,2007,05,26.10645161290322,,,
GA,2007,06,26.966666666666672,,,
GA,2007,07,27.540000000000003,,,
GA,2007,08,26.999999999999993,,,
GA,2007,09,26.86,,,
GA,2007,10,27.793333333333333,,,
GA,2007,11,26.983333333333327,,,
GA,2007,12,25.275,,,
GA,2008,04,24.875,,,
GA,2008,05,26.53870967741935,,,
GA,2008,06,27.95666666666668,,,
GA,2008,07,26.63333333333333,,,
GA,2008,08,26.52413793103448,,,
GA,2008,10,27.173333333333336,,,
GA,2008,11,26.580000000000002,,,
GA,2008,12,24.222580645161287,,,
GA,2009,01,22.58064516129032,,,
GA,2009,02,22.76071428571429,,,
GA,2009,03,23.422580645161286,,,
GA,2009,04,24.60333333333333,,,
GA,2009,05,25.55483870967741,,,
GA,2009,06,27.459999999999997,,,
GA,2009,07,27.580645161290324,,,
GA,2009,08,26.66129032258064,,,
GA,2009,09,26.823333333333338,,,
GA,2009,10,27.870967741935488,,,
GA,2009,11,26.05172413793104,,,
GA,2009,12,24.525806451612905,,,
GA,2010,01,24.583870967741934,,,
GA,2010,02,25.614814814814817,,,
GA,2010,03,26.706451612903223,,,
GA,2010,04,26.166666666666668,,,
GA,2010,05,26.816129032258054,,,
GA,2010,06,28.226666666666677,,,
GA,2010,07,27.306451612903224,,,
GA,2010,08,27.070967741935494,,,
GA,2010,09,26.471428571428564,,,
GA,2010,10,27.864516129032268,,,
GA,2010,11,26.816666666666674,,,
GA,2010,12,25.51290322580645,,,
GA,2011,01,24.16451612903226,,,
GA,2011,02,25.050000000000004,,,
GA,2011,03,24.506451612903227,,,
GA,2011,04,25.036666666666665,,,
GA,2011,05,25.122580645161282,,,
GA,2011,06,27.753333333333327,,,
GA,2011,07,27.61290322580645,,,
GA,2011,08,26.74838709677419,,,
GA,2011,09,27.489999999999995,,,
GA,2011,10,27.883870967741935,,,
GA,2011,11,25.969999999999995,,,
GA,2011,12,24.167741935483875,,,
GA,2012,01,24.358064516129037,,,
GA,2012,02,24.413793103448278,,,
GA,2012,03,26.203225806451623,,,
GA,2012,04,25.170000000000005,,,
GA,2012,05,26.30645161290322,,,
GA,2012,06,27.393333333333334,,,
GA,2012,07,27.000000000000004,,,
GA,2012,08,26.7516129032258,,,
GA,2012,09,26.55666666666667,,,
GA,2012,10,27.800000000000004,,,
GA,2012,11,27.17,,,
GA,2012,12,24.1774193548387,,,
GA,2013,01,23.693548387096776,,,
GA,2013,02,25.360714285714288,,,
GA,2013,03,25.20967741935484,,,
GA,2013,04,23.926666666666662,,,
GA,2013,05,26.693548387096776,,,
GA,2013,06,27.783333333333328,,,
GA,2013,07,27.812903225806455,,,
GA,2013,08,26.33548387096775,,,
GA,2013,09,27.233333333333334,,,
GA,2013,10,27.787096774193547,,,
GA,2013,11,26.429999999999996,,,
GA,2013,12,24.24838709677419,,,
GA,2015,01,23.44193548387097,,,
GA,2015,02,24.010714285714275,,,
GA,2015,03,24.329032258064515,,,
GA,2015,04,24.143333333333334,,,
GA,2015,05,26.63225806451612,,,
GA,2015,06,27.829999999999995,,,
GA,2015,07,27.635483870967743,,,
GA,2015,08,26.754838709677415,,,
GA,2015,09,26.87333333333333,,,
GA,2015,10,27.445161290322584,,,
GA,2015,11,26.219999999999995,,,
GA,2015,12,23.680645161290325,,,
GA,2016,01,25.1741935483871,,,
GA,2016,02,25.731034482758623,,,
GA,2016,03,24.91935483870967,,,
GA,2016,04,24.550000000000004,,,
GA,2016,05,24.141935483870963,,,
GA,2016,06,26.619999999999997,,,
GA,2016,07,26.587096774193554,,,
GA,2016,08,27.212903225806446,,,
GA,2016,09,26.909999999999993,,,
GA,2016,10,28.14193548387097,,,
GA,2016,11,26.803333333333335,,,
GA,2016,12,25.22258064516129,,,
GA,2017,01,23.987096774193557,,,
GA,2017,02,24.078571428571426,,,
GA,2017,03,25.438709677419357,,,
GA,2017,04,26.953333333333333,,,
GA,2017,05,26.125806451612902,,,
GA,2017,06,27.686666666666667,,,
GA,2017,07,27.058064516129033,,,
GA,2017,08,26.732258064516127,,,
GA,2017,09,27.673333333333336,,,
GA,2017,10,28.54193548387097,,,
GA,2017,11,27.31111111111111,,,
GA,2017,12,24.296666666666663,,,
GA,2018,01,23.64516129032258,,,
GA,2018,02,22.785714285714285,,,
GA,2018,03,25.796774193548387,,,
GA,2018,04,24.18666666666667,,,
GA,2018,05,23.799999999999997,,,
GA,2018,06,26.750000000000007,,,
GA,2018,07,27.126666666666665,,,
GA,2018,08,26.351612903225806,,,
GA,2018,09,26.58888888888889,,,
GA,2018,10,27.706451612903226,,,
GA,2018,11,26.066666666666674,,,
GA,2018,12,24.89677419354838,,,
GA,2019,01,23.812903225806448,,,
GA,2019,02,25.421428571428574,,,
GA,2019,03,24.90645161290322,,,
GA,2019,04,24.986666666666668,,,
GA,2019,05,24.38709677419356,,,
GA,2019,06,26.63333333333333,,,
GA,2019,07,27.55483870967742,,,
GA,2019,08,27.1225806451613,,,
GA,2019,09,27.006666666666664,,,
GA,2019,10,27.63548387096774,,,
GA,2019,11,26.81379310344828,,,
GA,2019,12,24.71935483870968,,,
GA,2020,01,24.790322580645164,,,
GA,2020,02,27.95172413793103,,,
GA,2020,03,26.658064516129034,,,
GA,2020,04,26.653333333333332,,,
GA,2020,05,25.86451612903226,,,
GA,2020,06,28.36,,,
GA,2020,07,27.377419354838715,,,
GA,2020,08,27.145161290322584,,,
GA,2020,09,26.660000000000004,,,
GA,2020,10,28.125806451612895,,,
GA,2020,11,26.686666666666664,,,
GA,2020,12,24.896774193548385,,,
GA,2021,01,24.929032258064513,,,
GA,2021,02,25.103999999999996,,,
GA,2021,03,24.767741935483873,,,
GA,2021,04,25.00666666666667,,,
GA,2021,05,25.174193548387095,,,
GA,2021,06,27.776666666666674,,,
GA,2021,07,27.98064516129032,,,
GA,2021,08,26.622580645161293,,,
GA,2021,09,27.076666666666664,,,
GA,2021,10,28.006451612903223,,,
GA,2021,11,27.793333333333333,,,
GA,2021,12,25.85483870967742,,,
GA,2022,01,25.674193548387095,,,
GA,2022,02,25.553571428571438,,,
GA,2022,03,24.831999999999997,,,
GA,2022,04,25.288461538461544,,,
GA,2022,05,26.132258064516133,,,
GA,2022,06,27.38,,,
GA,2022,07,27.283870967741937,,,
GA,2022,08,26.70645161290323,,,
GA,2022,09,26.967857142857135,,,
GA,2022,10,27.651612903225804,,,
GA,2022,11,26.033333333333324,,,
GA,2022,12,25.303225806451614,,,
ID,2000,01,26.49510000000001,,,
ID,2001,01,26.72800000000004,,,
ID,2002,01,27.043099999999992,,,
ID,2003,01,27.2951,,,
ID,2004,01,27.321099999999962,,,
ID,2005,01,27.160799999999988,,,
ID,2006,01,26.726100000000017,,,
ID,2007,01,27.230099999999958,,,
ID,2008,01,26.89369999999999,,,
ID,2009,01,26.77330000000003,,,
ID,2010,01,27.034200000000034,,,
ID,2011,01,26.526799999999984,,,
ID,2012,01,26.54870000000004,,,
ID,2013,01,27.147700000000004,,,
ID,2014,01,26.648999999999972,,,
ID,2015,01,26.824100000000005,,,
ID,2016,01,27.87000000000002,,,
ID,2017,01,27.271499999999982,,,
ID,2018,01,26.805800000000012,,,
ID,2019,01,27.390399999999975,,,
ID,2020,01,27.175099999999997,,,
ID,2021,01,26.785399999999996,,,
ID,2022,01,26.820100000000004,,,
IN,2000,01,19.635300000000008,,,
IN,2001,01,18.740799999999986,,,
IN,2002,01,19.26009999999996,,,
IN,2003,01,18.37329999999997,,,
IN,2004,01,18.440199999999987,,,
IN,2005,01,19.457199999999972,,,
IN,2006,01,18.99129999999999,,,
IN,2007,01,18.694199999999977,,,
IN,2008,01,19.7125,,,
IN,2009,01,19.489499999999964,,,
IN,2010,01,18.838299999999986,,,
IN,2011,01,17.338700000000014,,,
IN,2012,01,19.438899999999986,,,
IN,2013,01,18.943999999999985,,,
IN,2014,01,18.836399999999994,,,
IN,2015,01,19.27310000000001,,,
IN,2016,01,20.914200000000008,,,
IN,2017,01,20.001499999999982,,,
IN,2018,01,18.475800000000014,,,
IN,2019,01,19.075700000000026,,,
IN,2020,01,18.927199999999996,,,
IN,2021,01,20.42110000000002,,,
IN,2022,01,19.600900000000003,,,
KS,2000,01,0.7825806451612899,,,
KS,2000,02,0.503793103448276,,,
KS,2000,03,7.182580645161291,,,
KS,2000,04,11.090000000000003,,,
KS,2001,01,-0.7625806451612904,,,
KS,2001,02,2.1378571428571425,,,
KS,2001,03,6.409677419354837,,,
KS,2001,04,12.523999999999996,,,
KS,2002,01,2.314193548387098,,,
KS,2002,02,4.002142857142858,,,
KS,2002,03,8.934838709677411,,,
KS,2002,04,13.086000000000002,,,
KS,2003,01,-0.2419354838709684,,,
KS,2003,02,3.658214285714288,,,
KS,2003,03,6.796774193548385,,,
KS,2003,04,10.917,,,
KS,2004,01,0.6261290322580645,,,
KS,2004,02,4.2472413793103465,,,
KS,2004,03,7.236451612903232,,,
KS,2004,04,10.086666666666668,,,
KS,2005,01,-0.011290322580645233,,,
KS,2005,02,0.26035714285714245,,,
KS,2005,03,5.322903225806453,,,
KS,2005,04,12.096999999999998,,,
KS,2006,01,1.6719354838709677,,,
KS,2006,02,2.066785714285715,,,
KS,2006,03,6.515806451612901,,,
KS,2006,04,11.313999999999997,,,
KS,2007,01,2.4329032258064527,,,
KS,2007,02,5.461785714285719,,,
KS,2007,03,7.421612903225808,,,
KS,2007,04,9.278000000000002,,,
KS,2008,01,1.1661290322580649,,,
KS,2008,02,1.1889655172413796,,,
KS,2008,03,7.842258064516129,,,
KS,2008,04,12.133333333333333,,,
KS,2009,01,0.6325806451612901,,,
KS,2009,02,4.987142857142856,,,
KS,2009,03,7.325806451612897,,,
KS,2009,04,12.063999999999997,,,
KS,2010,01,-0.4177419354838704,,,
KS,2010,02,3.1803571428571424,,,
KS,2010,03,5.733870967741933,,,
KS,2010,04,9.554,,,
KS,2011,01,-3.415806451612903,,,
KS,2011,02,3.017499999999999,,,
KS,2011,03,5.24129032258065,,,
KS,2011,04,10.572000000000003,,,
KS,2012,01,-0.05741935483870961,,,
KS,2012,02,0.2755172413793102,,,
KS,2012,03,6.039677419354838,,,
KS,2012,04,9.563333333333333,,,
KS,2013,01,-0.5570967741935483,,,
KS,2013,02,1.3814285714285715,,,
KS,2013,03,6.937096774193545,,,
KS,2013,04,9.139999999999999,,,
KS,2014,01,1.8448387096774186,,,
KS,2014,02,3.057857142857143,,,
KS,2014,03,8.256129032258057,,,
KS,2014,04,11.149999999999999,,,
KS,2015,01,1.7661290322580663,,,
KS,2015,02,3.012142857142858,,,
KS,2015,03,7.565161290322577,,,
KS,2015,04,10.174999999999997,,,
KS,2016,01,0.23999999999999988,,,
KS,2016,02,2.587241379310347,,,
KS,2016,03,7.942718446601936,,,
KS,2016,04,13.481318681318678,,,
KS,2017,01,1.3625806451612898,,,
KS,2017,02,2.6617857142857155,,,
KS,2017,03,7.129032258064518,,,
KS,2017,04,12.722999999999995,,,
KS,2018,01,-0.8219354838709682,,,
KS,2018,02,0.8128571428571423,,,
KS,2018,03,8.79451612903226,,,
KS,2018,04,11.997000000000007,,,
KS,2019,01,1.8016129032258064,,,
KS,2019,02,3.4792857142857154,,,
KS,2019,03,8.300967741935485,,,
KS,2019,04,9.896999999999998,,,
KS,2020,01,3.8077419354838726,,,
KS,2020,02,4.435517241379309,,,
KS,2020,03,8.390322580645162,,,
KS,2020,04,9.883333333333335,,,
KS,2021,01,0.5222580645161286,,,
KS,2021,02,4.0215999999999985,,,
KS,2021,03,9.444193548387092,,,
KS,2021,04,12.671538461538464,,,
KS,2022,01,0.9348387096774207,,,
KS,2022,02,1.2949999999999995,,,
KS,2022,03,8.566774193548392,,,
KS,2022,04,12.815999999999999,,,
LA,2000,01,24.209677419354836,,,
LA,2000,02,24.43793103448276,,,
LA,2000,03,27.838709677419352,,,
LA,2000,04,29.083333333333336,,,
LA,2000,05,27.893548387096775,,,
LA,2000,06,28.406666666666673,,,
LA,2000,07,28.47096774193548,,,
LA,2000,08,28.499999999999996,,,
LA,2000,09,27.459999999999994,,,
LA,2000,10,28.129032258064512,,,
LA,2000,11,25.843333333333348,,,
LA,2000,12,24.741935483870964,,,
LA,2001,01,25.593333333333327,,,
LA,2001,02,26.310714285714287,,,
LA,2001,03,26.745161290322585,,,
LA,2001,04,31.865517241379308,,,
LA,2001,05,28.074193548387097,,,
LA,2001,06,28.07931034482759,,,
LA,2001,07,28.02222222222222,,,
LA,2001,08,28.325806451612902,,,
LA,2001,09,28.503333333333334,,,
LA,2001,10,28.70967741935484,,,
LA,2001,11,24.533333333333335,,,
LA,2001,12,24.306896551724133,,,
LA,2002,01,21.210843373493976,,,
LA,2002,02,24.16046511627906,,,
LA,2002,03,26.736986301369864,,,
LA,2002,04,30.156250000000004,,,
LA,2002,05,29.39811320754716,,,
LA,2002,06,29.038333333333345,,,
LA,2002,07,28.04415584415584,,,
LA,2002,08,27.70941176470589,,,
LA,2002,09,27.62727272727273,,,
LA,2002,10,27.381318681318675,,,
LA,2002,11,25.938461538461542,,,
LA,2002,12,24.86153846153847,,,
LA,2003,01,22.250000000000007,,,
LA,2003,02,25.27959183673469,,,
LA,2003,03,26.07,,,
LA,2003,04,29.541558441558433,,,
LA,2003,05,29.460256410256413,,,
LA,2003,06,28.578205128205127,,,
LA,2003,07,28.517346938775514,,,
LA,2003,08,27.666990291262138,,,
LA,2003,09,27.620408163265314,,,
LA,2003,10,27.107999999999997,,,
LA,2003,11,24.831372549019605,,,
LA,2003,12,21.633333333333333,,,
LA,2004,01,22.516279069767453,,,
LA,2004,02,22.848979591836724,,,
LA,2004,03,27.838938053097355,,,
LA,2004,04,28.9896551724138,,,
LA,2004,05,28.56393442622951,,,
LA,2004,06,28.26601941747573,,,
LA,2004,07,27.186315789473678,,,
LA,2004,08,27.619607843137253,,,
LA,2004,09,27.1557894736842,,,
LA,2004,10,26.410810810810812,,,
LA,2004,11,24.91666666666668,,,
LA,2004,12,22.1,,,
LA,2005,01,22.11584158415841,,,
LA,2005,02,26.346226415094343,,,
LA,2005,03,26.387499999999992,,,
LA,2005,04,28.486250000000013,,,
LA,2005,05,29.9516129032258,,,
LA,2005,06,28.16999999999999,,,
LA,2005,07,27.947422680412373,,,
LA,2005,08,27.05555555555557,,,
LA,2005,09,27.42524271844661,,,
LA,2005,10,26.870434782608708,,,
LA,2005,11,25.186,,,
LA,2006,01,22.294642857142858,,,
LA,2006,02,24.804901960784303,,,
LA,2006,03,27.5469387755102,,,
LA,2006,04,28.405660377358497,,,
LA,2006,05,27.833050847457635,,,
LA,2006,06,28.964347826086954,,,
LA,2006,07,27.846226415094343,,,
LA,2006,08,27.2982905982906,,,
LA,2006,09,27.30891089108912,,,
LA,2006,10,26.596,,,
LA,2007,01,21.11891891891892,,,
LA,2007,02,23.777358490566034,,,
LA,2007,03,27.982758620689644,,,
LA,2007,04,28.548484848484836,,,
LA,2007,05,28.180769230769222,,,
LA,2007,06,29.034343434343423,,,
LA,2007,07,28.568932038834973,,,
LA,2007,08,27.63513513513513,,,
LA,2007,09,27.273600000000002,,,
LA,2007,10,26.43846153846153,,,
LA,2008,01,21.581818181818175,,,
LA,2008,02,21.092156862745103,,,
LA,2008,03,25.656363636363636,,,
LA,2008,04,28.177876106194688,,,
LA,2008,05,27.071304347826082,,,
LA,2008,06,27.53553719008264,,,
LA,2008,07,27.21074380165289,,,
LA,2008,08,27.360975609756096,,,
LA,2008,09,27.344594594594597,,,
LA,2009,01,20.242276422764217,,,
LA,2009,02,25.870909090909084,,,
LA,2009,03,26.910400000000006,,,
LA,2009,04,28.24083333333334,,,
LA,2009,05,28.351200000000006,,,
LA,2009,06,28.241803278688533,,,
LA,2009,07,27.583999999999996,,,
LA,2009,08,28.01565217391304,,,
LA,2009,09,28.34571428571428,,,
LA,2010,01,23.66901408450703,,,
LA,2010,02,25.97539682539683,,,
LA,2010,03,27.19347826086956,,,
LA,2010,04,30.1976,,,
LA,2010,05,29.749650349650363,,,
LA,2010,06,29.337984496124022,,,
LA,2010,07,28.42805755395683,,,
LA,2010,08,27.512068965517237,,,
LA,2011,01,20.95270270270271,,,
LA,2011,02,24.651219512195134,,,
LA,2011,03,24.146808510638316,,,
LA,2011,04,27.91700000000001,,,
LA,2011,05,28.647761194029847,,,
LA,2011,06,28.19923076923077,,,
LA,2011,07,27.833057851239662,,,
LA,2011,08,27.117475728155334,,,
LA,2012,01,22.88558558558559,,,
LA,2012,02,25.421705426356585,,,
LA,2012,03,27.178358208955224,,,
LA,2012,04,28.68048780487806,,,
LA,2012,05,28.694160583941596,,,
LA,2012,06,28.62868217054264,,,
LA,2012,07,27.626865671641813,,,
LA,2012,08,27.517475728155347,,,
LA,2013,01,22.875438596491236,,,
LA,2013,02,27.131818181818183,,,
LA,2013,03,28.103787878787866,,,
LA,2013,04,29.835156249999997,,,
LA,2013,05,29.155905511811017,,,
LA,2013,06,28.626190476190462,,,
LA,2013,07,27.82343750000001,,,
LA,2013,08,28.007462686567166,,,
LA,2013,09,27.595098039215692,,,
LA,2014,01,20.600775193798444,,,
LA,2014,02,24.77777777777777,,,
LA,2014,03,28.777777777777775,,,
LA,2014,04,29.40241935483873,,,
LA,2014,05,29.987596899224815,,,
LA,2014,06,29.214728682170556,,,
LA,2014,07,28.107142857142865,,,
LA,2014,08,28.154166666666672,,,
LA,2015,01,21.24108527131783,,,
LA,2015,02,24.669298245614034,,,
LA,2015,03,28.396124031007748,,,
LA,2015,04,29.18095238095239,,,
LA,2015,05,30.33030303030304,,,
LA,2015,06,29.854330708661408,,,
LA,2015,07,28.599236641221367,,,
LA,2015,08,28.643750000000015,,,
LA,2016,01,22.444360902255635,,,
LA,2016,02,22.777868852459022,,,
LA,2016,03,28.00223880597015,,,
LA,2016,04,31.818897637795256,,,
LA,2016,05,30.315267175572526,,,
LA,2016,06,29.324409448818905,,,
LA,2016,07,28.480952380952385,,,
LA,2016,08,28.492000000000004,,,
LA,2017,01,23.83170731707317,,,
LA,2017,02,24.71588785046729,,,
LA,2017,03,27.99527559055118,,,
LA,2017,04,28.969421487603316,,,
LA,2017,05,29.098333333333343,,,
LA,2017,06,29.283050847457616,,,
LA,2017,07,27.701612903225804,,,
LA,2017,08,28.43983739837398,,,
LA,2017,09,28.14864864864865,,,
LA,2018,01,23.773148148148138,,,
LA,2018,02,24.402197802197797,,,
LA,2018,03,26.89117647058823,,,
LA,2018,04,28.30756302521009,,,
LA,2018,05,28.939062500000006,,,
LA,2018,06,28.54957983193278,,,
LA,2018,07,27.938281250000003,,,
LA,2018,08,27.74728682170543,,,
LA,2018,09,28.27368421052632,,,
LA,2019,01,23.88046875,,,
LA,2019,02,26.75130434782608,,,
LA,2019,03,28.818253968253966,,,
LA,2019,04,31.233613445378147,,,
LA,2019,05,30.75439999999999,,,
LA,2019,06,30.599173553719012,,,
LA,2019,07,29.219199999999987,,,
LA,2019,08,28.01008403361345,,,
LA,2019,09,27.963636363636365,,,
LA,2020,01,25.066412213740456,,,
LA,2020,02,26.10887096774193,,,
LA,2020,03,29.42796610169491,,,
LA,2020,04,29.730357142857134,,,
LA,2020,05,31.685981308411225,,,
LA,2020,06,30.04629629629631,,,
LA,2020,07,29.821538461538466,,,
LA,2020,08,28.087323943661968,,,
LA,2020,09,30.178571428571423,,,
LA,2021,01,21.740816326530595,,,
LA,2021,02,25.469369369369367,,,
LA,2021,03,29.06689655172415,,,
LA,2021,04,29.44113475177305,,,
LA,2021,05,30.76158940397351,,,
LA,2021,06,29.506802721088423,,,
LA,2021,07,28.976510067114095,,,
LA,2021,08,29.333333333333332,,,
LA,2022,01,24.325000000000017,,,
LA,2022,02,23.905970149253736,,,
LA,2022,03,28.138926174496657,,,
LA,2022,04,28.254482758620693,,,
LA,2022,05,28.069343065693435,,,
LA,2022,06,29.649999999999984,,,
LA,2022,07,29.36086956521738,,,
LA,2022,08,29.36,,,
MD,2000,01,-3.4782608695652173,,,
MD,2000,02,1.3678571428571424,,,
MD,2000,03,3.987096774193548,,,
MD,2000,04,13.183333333333335,,,
MD,2000,05,17.59032258064516,,,
MD,2000,06,20.536666666666665,,,
MD,2000,07,21.493548387096773,,,
MD,2000,08,22.880645161290317,,,
MD,2000,09,14.933333333333334,,,
MD,2000,10,10.674193548387096,,,
MD,2000,11,7.7299999999999995,,,
MD,2000,12,2.5419354838709673,,,
MD,2001,01,-0.14516129032258066,,,
MD,2001,02,0.34642857142857136,,,
MD,2001,03,5.980645161290323,,,
MD,2001,04,11.096666666666666,,,
MD,2001,05,15.367741935483869,,,
MD,2001,06,17.906666666666663,,,
MD,2001,07,24.47741935483871,,,
MD,2001,08,23.541935483870972,,,
MD,2001,09,16.026666666666664,,,
MD,2001,10,11.683870967741937,,,
MD,2001,11,3.1199999999999997,,,
MD,2001,12,-5.564516129032259,,,
MD,2002,01,-1.9064516129032258,,,
MD,2002,02,4.8964285714285705,,,
MD,2002,03,7.219354838709678,,,
MD,2002,04,10.406666666666666,,,
MD,2002,05,17.938709677419347,,,
MD,2002,06,20.100000000000005,,,
MD,2002,07,24.177419354838708,,,
MD,2002,08,21.41935483870968,,,
MD,2002,09,16.506666666666668,,,
MD,2002,10,9.535483870967742,,,
MD,2002,11,6.540000000000001,,,
MD,2002,12,-6.596774193548388,,,
MD,2003,01,-2.980645161290323,,,
MD,2003,02,-5.464285714285714,,,
MD,2003,03,1.0129032258064519,,,
MD,2003,04,8.479999999999999,,,
MD,2003,05,20.616129032258065,,,
MD,2003,06,21.190000000000005,,,
MD,2003,07,21.641935483870967,,,
MD,2003,08,22.554838709677416,,,
MD,2003,09,15.586666666666666,,,
MD,2003,10,9.245161290322581,,,
MD,2003,11,5.423333333333333,,,
MD,2003,12,0.39032258064516145,,,
MD,2004,01,-3.745161290322581,,,
MD,2004,02,-0.33103448275862074,,,
MD,2004,03,5.458064516129034,,,
MD,2004,04,10.866666666666667,,,
MD,2004,05,14.870967741935484,,,
MD,2004,06,19.430000000000003,,,
MD,2004,07,21.593548387096778,,,
MD,2004,08,21.09354838709678,,,
MD,2004,09,15.840000000000003,,,
MD,2004,10,11.913157894736841,,,
MD,2004,11,6.967441860465115,,,
MD,2004,12,2.167741935483871,,,
MD,2005,01,1.1806451612903226,,,
MD,2005,02,-2.782142857142857,,,
MD,2005,03,2.42258064516129,,,
MD,2005,04,10.586666666666666,,,
MD,2005,05,16.793548387096774,,,
MD,2005,06,18.63,,,
MD,2005,07,22.754838709677422,,,
MD,2005,08,21.81612903225807,,,
MD,2005,09,18.296666666666667,,,
MD,2005,10,10.816129032258067,,,
MD,2005,11,4.69,,,
MD,2005,12,1.4677419354838717,,,
MD,2006,01,-6.487096774193549,,,
MD,2006,02,-3.103571428571428,,,
MD,2006,03,2.887096774193548,,,
MD,2006,04,10.940000000000001,,,
MD,2006,05,15.725806451612906,,,
MD,2006,06,19.860000000000003,,,
MD,2006,07,22.032258064516128,,,
MD,2006,08,22.045161290322575,,,
MD,2006,09,17.15,,,
MD,2006,10,12.038709677419357,,,
MD,2006,11,6.489999999999999,,,
MD,2006,12,3.37741935483871,,,
MD,2007,01,4.016129032258065,,,
MD,2007,02,0.6500000000000004,,,
MD,2007,03,7.248387096774194,,,
MD,2007,04,10.65,,,
MD,2007,05,19.054838709677416,,,
MD,2007,06,23.233333333333338,,,
MD,2007,07,25.79032258064516,,,
MD,2007,08,23.87333333333334,,,
MD,2007,09,16.67333333333333,,,
MD,2007,10,11.3741935483871,,,
MD,2007,11,3.1133333333333337,,,
MD,2007,12,-0.2967741935483872,,,
MD,2008,01,-1.3516129032258075,,,
MD,2008,02,2.5206896551724136,,,
MD,2008,03,7.358064516129033,,,
MD,2008,04,11.126666666666665,,,
MD,2008,05,15.548387096774194,,,
MD,2008,06,20.986666666666668,,,
MD,2008,07,22.20967741935484,,,
MD,2008,08,23.825806451612905,,,
MD,2008,09,15.459999999999992,,,
MD,2008,10,12.438709677419357,,,
MD,2008,11,5.120000000000001,,,
MD,2008,12,1.2580645161290316,,,
MD,2009,01,-1.0064516129032266,,,
MD,2009,02,1.5178571428571423,,,
MD,2009,03,3.929032258064516,,,
MD,2009,04,12.21,,,
MD,2009,05,16.54516129032258,,,
MD,2009,06,21.749999999999996,,,
MD,2009,07,23.89677419354838,,,
MD,2009,08,22.229032258064517,,,
MD,2009,09,18.65333333333334,,,
MD,2009,10,11.451612903225808,,,
MD,2009,11,6.479999999999999,,,
MD,2009,12,-1.0032258064516126,,,
MD,2010,01,-5.161290322580644,,,
MD,2010,02,-0.9071428571428577,,,
MD,2010,03,3.9096774193548387,,,
MD,2010,04,10.99666666666667,,,
MD,2010,05,16.83225806451613,,,
MD,2010,06,21.05,,,
MD,2010,07,23.36774193548387,,,
MD,2010,08,24.867741935483867,,,
MD,2010,09,16.05666666666666,,,
MD,2010,10,7.458064516129033,,,
MD,2010,11,10.219999999999997,,,
MD,2010,12,-2.1516129032258067,,,
MD,2011,01,-1.6129032258064513,,,
MD,2011,02,-3.2071428571428564,,,
MD,2011,03,3.967741935483871,,,
MD,2011,04,10.166666666666668,,,
MD,2011,05,16.774193548387096,,,
MD,2011,06,20.070000000000004,,,
MD,2011,07,23.0741935483871,,,
MD,2011,08,21.806451612903224,,,
MD,2011,09,19.12333333333334,,,
MD,2011,10,9.351612903225808,,,
MD,2011,11,2.8833333333333337,,,
MD,2011,12,2.900000000000001,,,
MD,2012,01,-2.6516129032258067,,,
MD,2012,02,-7.537931034482758,,,
MD,2012,03,4.577419354838709,,,
MD,2012,04,13.346666666666668,,,
MD,2012,05,19.11935483870968,,,
MD,2012,06,23.353333333333346,,,
MD,2012,07,26.0258064516129,,,
MD,2012,08,23.422580645161286,,,
MD,2012,09,19.260000000000005,,,
MD,2012,10,12.751612903225809,,,
MD,2012,11,5.940000000000001,,,
MD,2012,12,-2.967741935483871,,,
MD,2013,01,-1.9,,,
MD,2013,02,1.2535714285714283,,,
MD,2013,03,2.561290322580646,,,
MD,2013,04,12.57,,,
MD,2013,05,19.216129032258063,,,
MD,2013,06,21.236666666666668,,,
MD,2013,07,21.69354838709678,,,
MD,2013,08,22.56129032258065,,,
MD,2013,09,14.343333333333335,,,
MD,2013,10,10.964516129032257,,,
MD,2013,11,8.450000000000001,,,
MD,2013,12,-0.051612903225806486,,,
MD,2014,01,-1.941935483870968,,,
MD,2014,02,-1.1499999999999997,,,
MD,2014,03,8.135483870967743,,,
MD,2014,04,11.633333333333333,,,
MD,2014,05,16.770967741935486,,,
MD,2014,06,19.48333333333333,,,
MD,2014,07,23.01290322580645,,,
MD,2014,08,23.129032258064516,,,
MD,2014,09,18.576666666666668,,,
MD,2014,10,9.745161290322581,,,
MD,2014,11,3.603333333333334,,,
MD,2014,12,-0.11290322580645161,,,
MD,2015,01,-0.46774193548387133,,,
MD,2015,02,0.5892857142857143,,,
MD,2015,03,5.219354838709678,,,
MD,2015,04,10.223333333333333,,,
MD,2015,05,17.774193548387096,,,
MD,2015,06,21.51333333333334,,,
MD,2015,07,24.306451612903228,,,
MD,2015,08,24.75483870967741,,,
MD,2015,09,19.94333333333333,,,
MD,2015,10,9.803225806451612,,,
MD,2015,11,7.110000000000002,,,
MD,2015,12,2.9000000000000004,,,
MD,2016,01,-3.219354838709677,,,
MD,2016,02,4.672413793103448,,,
MD,2016,03,6.316129032258064,,,
MD,2016,04,13.089999999999998,,,
MD,2016,05,17.321250000000003,,,
MD,2016,06,20.807499999999994,,,
MD,2016,07,22.581854838709685,,,
MD,2016,08,21.95000000000001,,,
MD,2016,09,22.068253968253963,,,
MD,2017,01,-5.019758064516131,,,
MD,2017,02,-1.1749999999999987,,,
MD,2017,03,7.595564516129033,,,
MD,2017,04,9.779166666666663,,,
MD,2017,05,17.122500000000002,,,
MD,2018,01,-1.201209677419356,,,
MD,2018,02,-1.9419642857142854,,,
MD,2018,03,0.5903225806451622,,,
MD,2018,04,14.90624999999999,,,
MD,2018,05,21.387500000000003,,,
MD,2019,01,-2.99233870967742,,,
MD,2019,02,2.1125,,,
MD,2019,03,6.729435483870973,,,
MD,2019,04,10.524166666666664,,,
MD,2019,05,14.739999999999995,,,
MD,2020,01,0.1875000000000001,,,
MD,2020,02,3.2840517241379326,,,
MD,2020,03,6.718548387096778,,,
MD,2020,04,10.487083333333329,,,
MD,2020,05,14.593749999999998,,,
MD,2021,01,-0.8532258064516128,,,
MD,2021,02,-1.3510416666666671,,,
MD,2021,03,2.80967741935484,,,
MD,2021,04,7.609999999999998,,,
MD,2021,05,13.381944444444446,,,
MD,2022,01,-0.5145161290322577,,,
MD,2022,02,2.704017857142857,,,
MD,2022,03,2.61008064516129,,,
MD,2022,04,9.727083333333338,,,
MD,2022,05,13.080000000000002,,,
MA,2000,01,27.04290780141843,,,
MA,2000,02,26.179999999999986,,,
MA,2000,03,25.99297124600637,,,
MA,2001,01,26.675646551724157,,,
MA,2001,02,26.97790178571429,,,
MA,2001,03,27.6,,,
MA,2002,01,26.87034883720928,,,
MA,2002,02,26.770940170940168,,,
MA,2002,03,27.2,,,
MA,2003,01,26.508494208494216,,,
MA,2003,02,26.74502074688793,,,
MA,2004,01,26.625612472160327,,,
MA,2004,02,26.422799097065454,,,
MA,2004,03,27.053703703703693,,,
MA,2005,01,26.508463251670374,,,
MA,2005,02,26.83283582089553,,,
MA,2005,03,26.65436241610739,,,
MA,2006,01,25.92687861271676,,,
MA,2006,02,25.94411764705882,,,
MA,2006,03,26.158620689655184,,,
MA,2007,01,25.81122194513713,,,
MA,2007,02,26.018155619596513,,,
MA,2007,03,26.06904761904762,,,
MA,2008,01,25.945983379501385,,,
MA,2008,02,25.497727272727285,,,
MA,2008,03,25.4212543554007,,,
MA,2009,01,26.971038251366128,,,
MA,2009,02,26.49130434782609,,,
MA,2009,03,26.229641693811086,,,
MA,2009,04,24.374846625766875,,,
MA,2010,01,25.782388059701503,,,
MA,2010,02,26.093811074918577,,,
MA,2010,03,25.94985074626865,,,
MA,2010,04,25.669565217391302,,,
MA,2011,01,26.12406015037592,,,
MA,2011,02,26.12664907651716,,,
MA,2011,03,25.73423423423425,,,
MA,2012,01,25.66641604010023,,,
MA,2012,02,26.516712328767156,,,
MA,2012,03,25.671186440677975,,,
MA,2013,01,25.903583061889254,,,
MA,2013,02,25.323826714801445,,,
MA,2013,03,25.18734567901237,,,
MA,2013,04,24.596739130434788,,,
MA,2014,01,25.36453900709219,,,
MA,2014,02,25.324129353233833,,,
MA,2014,03,25.897714285714297,,,
MA,2015,01,25.94864864864863,,,
MA,2015,02,25.502857142857145,,,
MA,2015,03,24.932692307692335,,,
MA,2016,01,26.272727272727284,,,
MA,2016,02,26.32127659574468,,,
MA,2016,03,26.48870967741935,,,
MA,2016,04,25.524242424242438,,,
MA,2017,01,26.40746666666668,,,
MA,2017,02,26.589137380191705,,,
MA,2017,03,26.405128205128214,,,
MA,2018,01,25.800265251989398,,,
MA,2018,02,26.35583333333334,,,
MA,2018,03,26.077946768060837,,,
MA,2019,01,26.67231503579952,,,
MA,2019,02,26.729947916666678,,,
MA,2019,03,26.51675126903554,,,
MA,2020,01,26.414775725593685,,,
MA,2020,02,26.665706051873197,,,
MA,2020,03,26.305109489051095,,,
MA,2021,01,27.17442528735633,,,
MA,2021,02,26.845038167938924,,,
MA,2021,03,26.127405247813382,,,
MA,2021,04,25.555319148936167,,,
MA,2022,01,26.05536231884059,,,
MA,2022,02,26.29230769230771,,,
MA,2022,03,25.881212121212137,,,
MI,2000,01,22.86538461538461,,,
MI,2000,02,22.207272727272724,,,
MI,2000,03,22.20677966101694,,,
MI,2000,04,21.192982456140346,,,
MI,2000,05,18.91111111111111,,,
MI,2000,06,17.892857142857142,,,
MI,2000,07,15.668292682926829,,,
MI,2000,08,17.07021276595744,,,
MI,2000,09,20.674999999999994,,,
MI,2000,10,22.02,,,
MI,2000,11,22.33793103448276,,,
MI,2000,12,22.719565217391303,,,
MI,2001,01,22.39622641509434,,,
MI,2001,02,22.381632653061224,,,
MI,2001,03,22.027586206896558,,,
MI,2001,04,21.417307692307695,,,
MI,2001,05,19.39,,,
MI,2001,06,17.285714285714285,,,
MI,2001,07,19.700000000000003,,,
MI,2001,11,27.96666666666667,,,
MI,2001,12,24.3,,,
MI,2002,01,22.779999999999998,,,
MI,2002,02,23.4,,,
MI,2002,03,27.0,,,
MI,2002,04,23.4,,,
MI,2002,05,23.19090909090909,,,
MI,2002,07,22.766666666666666,,,
MI,2002,08,21.06779661016949,,,
MI,2002,09,23.303333333333338,,,
MI,2002,10,26.07037037037037,,,
MI,2002,11,25.692592592592586,,,
MI,2002,12,24.891666666666666,,,
MI,2003,01,24.355555555555558,,,
MI,2003,02,23.769230769230774,,,
MI,2003,03,22.3,,,
MI,2003,04,21.495,,,
MI,2003,05,21.25,,,
MI,2005,05,24.099999999999998,,,
MI,2006,02,21.1,,,
MI,2008,03,22.8,,,
MI,2008,10,23.2,,,
MI,2009,10,24.8,,,
MI,2009,11,25.058333333333337,,,
MI,2009,12,23.966666666666665,,,
MI,2010,01,24.275,,,
MI,2010,02,23.733333333333334,,,
MI,2010,03,22.8,,,
MI,2010,04,22.29,,,
MI,2010,05,21.510526315789473,,,
MI,2010,06,18.926923076923075,,,
MI,2010,07,19.157692307692308,,,
MI,2010,08,20.149090909090916,,,
MI,2010,09,24.296551724137924,,,
MI,2010,10,27.416363636363634,,,
MI,2010,11,27.783333333333328,,,
MI,2010,12,24.613999999999997,,,
MI,2011,01,24.110714285714273,,,
MI,2011,02,23.533333333333335,,,
MI,2011,03,23.814814814814813,,,
MI,2011,04,23.707407407407413,,,
MI,2011,05,22.567741935483877,,,
MI,2011,06,20.907017543859645,,,
MI,2011,07,18.2304347826087,,,
MI,2011,08,20.04285714285714,,,
MI,2011,09,23.791304347826085,,,
MI,2011,10,26.894545454545447,,,
MI,2011,11,26.501886792452833,,,
MI,2011,12,26.845714285714276,,,
MI,2012,01,24.18333333333334,,,
MI,2012,02,24.693749999999994,,,
MI,2012,03,24.171428571428574,,,
MI,2012,04,21.440816326530605,,,
MI,2012,05,21.753846153846155,,,
MI,2012,06,20.060000000000006,,,
MI,2012,07,19.56851851851852,,,
MI,2012,08,22.319642857142856,,,
MI,2012,09,25.36923076923076,,,
MI,2012,10,27.13684210526316,,,
MI,2012,11,26.880701754385967,,,
MI,2012,12,24.944067796610174,,,
MI,2013,01,23.83518518518519,,,
MI,2013,02,23.62666666666666,,,
MI,2013,03,23.915254237288135,,,
MI,2013,04,22.896153846153844,,,
MI,2013,05,22.804000000000002,,,
MI,2013,06,21.551724137931032,,,
MI,2013,07,20.11290322580645,,,
MI,2013,08,23.62903225806451,,,
MI,2013,09,26.94285714285714,,,
MI,2013,10,26.71034482758621,,,
MI,2013,11,29.053333333333338,,,
MI,2013,12,26.931034482758633,,,
MI,2014,01,25.740740740740733,,,
MI,2014,02,24.038888888888888,,,
MI,2014,03,25.869999999999997,,,
MI,2014,04,24.320000000000004,,,
MI,2014,05,23.47826086956522,,,
MI,2014,06,21.97142857142857,,,
MI,2014,07,21.523076923076925,,,
MI,2014,08,23.750000000000004,,,
MI,2014,09,25.627999999999997,,,
MI,2014,10,26.910344827586208,,,
MI,2014,11,28.990000000000002,,,
MI,2014,12,26.790000000000003,,,
MI,2015,01,24.227272727272727,,,
MI,2015,02,25.136,,,
MI,2015,03,25.706451612903226,,,
MI,2015,04,24.558620689655175,,,
MI,2015,05,23.957142857142863,,,
MI,2015,06,21.796551724137927,,,
MI,2015,07,22.363333333333326,,,
MI,2015,08,23.933333333333334,,,
MI,2015,09,27.01071428571428,,,
MI,2015,10,29.009999999999998,,,
MI,2015,11,28.910000000000004,,,
MI,2015,12,29.099999999999998,,,
MI,2016,01,26.337500000000006,,,
MI,2016,02,27.41034482758621,,,
MI,2016,03,27.251612903225805,,,
MI,2016,04,24.831034482758618,,,
MI,2016,05,22.300000000000004,,,
MI,2016,06,21.47142857142857,,,
MI,2016,07,24.12142857142857,,,
MI,2016,08,22.876666666666665,,,
MI,2016,09,27.470833333333328,,,
MI,2016,10,28.91333333333333,,,
MI,2016,11,29.8,,,
MI,2016,12,27.112903225806456,,,
MI,2017,01,25.89666666666666,,,
MI,2017,02,26.2,,,
MI,2017,03,24.588461538461544,,,
MI,2017,04,23.415789473684207,,,
MI,2017,05,23.509677419354837,,,
MI,2017,06,21.699999999999996,,,
MI,2017,07,22.282608695652176,,,
MI,2017,08,23.38148148148148,,,
MI,2017,09,26.319999999999997,,,
MI,2017,10,28.84117647058823,,,
MI,2017,11,27.422222222222217,,,
MI,2017,12,25.933333333333334,,,
MI,2018,01,26.264999999999997,,,
MI,2018,02,26.129166666666674,,,
MI,2018,03,25.68,,,
MI,2018,04,23.866666666666667,,,
MI,2018,05,23.91612903225806,,,
MI,2018,06,21.520000000000003,,,
MI,2018,07,19.50967741935484,,,
MI,2018,08,24.127999999999993,,,
MI,2018,09,27.488461538461536,,,
MI,2018,10,26.359999999999996,,,
MI,2018,11,26.329629629629625,,,
MI,2018,12,26.032000000000004,,,
MI,2019,01,25.014285714285712,,,
MI,2019,02,25.926923076923078,,,
MI,2019,03,25.128571428571426,,,
MI,2019,04,24.62142857142857,,,
MI,2019,05,22.63333333333333,,,
MI,2019,06,20.510714285714283,,,
MI,2019,07,21.36896551724138,,,
MI,2019,08,24.396551724137932,,,
MI,2019,09,25.58571428571428,,,
MI,2019,10,29.157142857142855,,,
MI,2019,11,28.983333333333334,,,
MI,2019,12,26.733333333333338,,,
MI,2020,01,25.239285714285717,,,
MI,2020,02,25.663999999999998,,,
MI,2020,03,25.708333333333332,,,
MI,2020,04,25.650000000000002,,,
MI,2020,05,22.924999999999997,,,
MI,2020,07,19.54285714285714,,,
MI,2020,08,18.933333333333334,,,
MI,2020,09,30.8,,,
MI,2020,10,28.000000000000004,,,
MI,2020,11,30.066666666666663,,,
MI,2020,12,27.26842105263158,,,
MI,2021,01,25.736363636363638,,,
MI,2021,02,26.077272727272728,,,
MI,2021,03,24.783333333333342,,,
MI,2021,04,23.785714285714278,,,
MI,2021,05,22.448148148148146,,,
MI,2021,06,20.780952380952378,,,
MI,2021,07,20.063636363636363,,,
MI,2021,08,23.582142857142856,,,
MI,2021,09,25.696296296296296,,,
MI,2021,10,28.020833333333332,,,
MI,2021,11,29.544827586206893,,,
MI,2021,12,30.215999999999998,,,
MI,2022,01,24.853571428571428,,,
MI,2022,02,25.15909090909091,,,
MI,2022,03,24.827272727272724,,,
MI,2022,04,24.173076923076923,,,
MI,2022,05,23.699999999999996,,,
MI,2022,06,19.931818181818183,,,
MI,2022,07,20.60833333333333,,,
MI,2022,08,23.2,,,
MI,2022,09,25.408,,,
MI,2022,10,29.560869565217395,,,
MI,2022,11,27.883333333333326,,,
MI,2022,12,25.231818181818188,,,
MO,2000,01,10.322043010752692,,,
MO,2000,02,13.83879310344828,,,
MO,2000,03,16.119999999999994,,,
MO,2001,01,12.470430107526887,,,
MO,2001,02,12.813513513513515,,,
MO,2001,03,16.84508474576271,,,
MO,2002,01,13.094782608695642,,,
MO,2002,02,14.016964285714288,,,
MO,2002,03,14.60595611285267,,,
MO,2003,01,11.420879120879116,,,
MO,2003,02,11.849848942598195,,,
MO,2003,03,15.210819672131153,,,
MO,2004,01,12.069482288828336,,,
MO,2004,02,13.130924855491328,,,
MO,2004,03,14.125435540069674,,,
MO,2005,01,9.709536784741147,,,
MO,2005,02,10.179573170731707,,,
MO,2005,03,14.538360655737716,,,
MO,2006,01,9.914247311827966,,,
MO,2006,02,11.448787878787874,,,
MO,2006,03,14.091610738255032,,,
MO,2007,01,11.42354651162791,,,
MO,2007,02,13.856591639871374,,,
MO,2007,03,14.346470588235297,,,
MO,2007,04,11.559999999999999,,,
MO,2008,01,12.397885196374624,,,
MO,2008,02,14.057407407407398,,,
MO,2008,03,14.977971014492763,,,
MO,2009,01,10.934023668639059,,,
MO,2009,02,12.20960264900662,,,
MO,2009,03,15.005333333333331,,,
MO,2009,04,14.92333333333333,,,
MO,2010,01,12.691740412979346,,,
MO,2010,02,14.723717948717937,,,
MO,2010,03,15.461849710982651,,,
MO,2010,04,16.53333333333333,,,
MO,2011,01,12.377034883720919,,,
MO,2011,02,12.132432432432427,,,
MO,2011,03,14.057703081232496,,,
MO,2011,04,18.733333333333334,,,
MO,2012,01,10.700301204819267,,,
MO,2012,02,10.041614906832297,,,
MO,2012,03,14.921364985163219,,,
MO,2012,04,15.688888888888888,,,
MO,2013,01,12.034036144578318,,,
MO,2013,02,11.909150326797384,,,
MO,2013,03,15.03603603603604,,,
MO,2013,04,15.186206896551724,,,
MO,2014,01,12.042258064516124,,,
MO,2014,02,12.661428571428562,,,
MO,2014,03,14.214563106796126,,,
MO,2014,04,17.654455445544546,,,
MO,2015,01,11.239247311827953,,,
MO,2015,02,11.23839285714287,,,
MO,2015,03,13.658561643835625,,,
MO,2016,01,14.278225806451616,,,
MO,2016,02,13.473469387755099,,,
MO,2016,03,13.033333333333326,,,
MO,2017,01,10.70806451612903,,,
MO,2017,02,13.359523809523811,,,
MO,2017,03,14.891095890410961,,,
MO,2018,01,11.44166666666666,,,
MO,2018,02,11.174404761904754,,,
MO,2018,03,14.432876712328765,,,
MO,2019,01,11.2885,,,
MO,2019,02,13.185123966942145,,,
MO,2019,03,15.315189873417728,,,
MO,2020,01,11.30952380952381,,,
MO,2020,02,15.087733333333334,,,
MO,2020,03,16.008407079646016,,,
MO,2021,01,11.780303030303033,,,
MO,2021,02,13.60696202531646,,,
MO,2021,03,13.660069444444442,,,
MO,2022,01,12.348877805486277,,,
MO,2022,02,14.442382271468146,,,
MO,2022,03,13.339075630252106,,,
MT,2000,01,10.8,,,
MT,2000,02,11.413793103448278,,,
MT,2000,03,13.264516129032256,,,
MT,2000,04,15.939999999999998,,,
MT,2000,05,19.9741935483871,,,
MT,2000,06,23.113333333333333,,,
MT,2000,07,25.848387096774193,,,
MT,2000,08,26.896774193548396,,,
MT,2000,09,23.826666666666664,,,
MT,2000,10,20.325806451612895,,,
MT,2000,11,18.443333333333335,,,
MT,2000,12,15.051612903225806,,,
MT,2001,01,13.758064516129032,,,
MT,2001,02,12.546428571428573,,,
MT,2001,03,15.80967741935484,,,
MT,2001,04,15.410344827586208,,,
MT,2001,05,19.480645161290322,,,
MT,2001,06,23.043333333333333,,,
MT,2001,07,25.89354838709677,,,
MT,2001,08,26.44333333333333,,,
MT,2001,09,24.009999999999998,,,
MT,2001,10,22.49354838709677,,,
MT,2001,11,17.643333333333327,,,
MT,2001,12,12.529032258064515,,,
MT,2002,01,11.106451612903225,,,
MT,2002,02,13.489285714285716,,,
MT,2002,03,14.825806451612902,,,
MT,2002,04,16.37666666666667,,,
MT,2002,05,18.987096774193546,,,
MT,2002,06,24.19333333333333,,,
MT,2002,07,26.4,,,
MT,2002,08,25.94193548387096,,,
MT,2002,09,23.51,,,
MT,2002,10,20.64838709677419,,,
MT,2002,11,17.946666666666665,,,
MT,2002,12,14.022580645161288,,,
MT,2003,01,13.053333333333335,,,
MT,2003,02,10.203571428571427,,,
MT,2003,03,12.322580645161294,,,
MT,2003,04,15.186666666666667,,,
MT,2003,05,19.929032258064517,,,
MT,2003,06,25.833333333333336,,,
MT,2003,07,28.39354838709677,,,
MT,2003,08,28.303225806451618,,,
MT,2003,09,24.249999999999996,,,
MT,2003,10,21.896774193548385,,,
MT,2003,11,17.65,,,
MT,2003,12,13.693548387096772,,,
MT,2004,01,11.664516129032256,,,
MT,2004,02,12.555172413793104,,,
MT,2004,03,13.254838709677419,,,
MT,2004,04,15.563333333333333,,,
MT,2004,05,17.735483870967744,,,
MT,2004,06,22.74,,,
MT,2004,07,25.89032258064516,,,
MT,2004,08,26.348387096774193,,,
MT,2004,09,23.046666666666663,,,
MT,2004,10,21.78387096774194,,,
MT,2004,11,16.62666666666667,,,
MT,2004,12,14.661290322580648,,,
MT,2005,01,10.82258064516129,,,
MT,2005,02,10.267857142857142,,,
MT,2005,03,12.822580645161292,,,
MT,2005,04,14.883333333333335,,,
MT,2005,05,19.429032258064517,,,
MT,2005,06,23.093333333333337,,,
MT,2005,07,26.190322580645162,,,
MT,2005,08,24.990322580645163,,,
MT,2005,09,23.783333333333328,,,
MT,2005,10,20.951612903225804,,,
MT,2005,11,17.706666666666663,,,
MT,2005,12,13.903225806451614,,,
MT,2006,01,12.025806451612905,,,
MT,2006,02,11.546428571428573,,,
MT,2006,03,12.893548387096773,,,
MT,2006,04,15.90666666666667,,,
MT,2006,05,20.11612903225807,,,
MT,2006,06,24.000000000000004,,,
MT,2006,07,26.732258064516135,,,
MT,2006,08,26.022580645161288,,,
MT,2006,09,23.62,,,
MT,2006,10,21.406451612903226,,,
MT,2006,11,17.39,,,
MT,2006,12,15.60967741935484,,,
MT,2007,01,14.254838709677419,,,
MT,2007,02,13.439285714285713,,,
MT,2007,03,13.980645161290326,,,
MT,2007,04,16.28333333333333,,,
MT,2007,05,19.916129032258066,,,
MT,2007,06,24.406666666666673,,,
MT,2007,07,26.43225806451612,,,
MT,2007,08,26.79032258064516,,,
MT,2007,09,24.33333333333333,,,
MT,2007,10,20.874193548387098,,,
MT,2007,11,17.360000000000003,,,
MT,2007,12,14.083870967741937,,,
MT,2008,01,14.187096774193545,,,
MT,2008,02,12.934482758620689,,,
MT,2008,03,14.654838709677417,,,
MT,2008,04,16.993333333333336,,,
MT,2008,05,19.703225806451616,,,
MT,2008,06,23.536666666666665,,,
MT,2008,07,26.403225806451612,,,
MT,2008,08,26.512903225806454,,,
MT,2008,09,24.249999999999996,,,
MT,2008,10,20.825806451612902,,,
MT,2008,11,17.67666666666667,,,
MT,2008,12,14.241935483870968,,,
MT,2009,01,12.874193548387098,,,
MT,2009,02,10.985714285714286,,,
MT,2009,03,13.061290322580641,,,
MT,2009,04,15.006666666666664,,,
MT,2009,05,20.29032258064516,,,
MT,2009,06,23.206666666666667,,,
MT,2009,07,26.62258064516129,,,
MT,2009,08,26.945161290322577,,,
MT,2009,09,24.229999999999997,,,
MT,2009,10,19.67419354838709,,,
MT,2009,11,16.536666666666665,,,
MT,2009,12,15.364516129032257,,,
MT,2010,01,13.112903225806456,,,
MT,2010,02,13.635714285714286,,,
MT,2010,03,14.029032258064516,,,
MT,2010,04,16.41,,,
MT,2010,05,19.029032258064518,,,
MT,2010,06,22.573333333333338,,,
MT,2010,07,26.23548387096774,,,
MT,2010,08,26.658064516129034,,,
MT,2010,09,23.63,,,
MT,2010,10,20.390322580645165,,,
MT,2010,11,18.03666666666667,,,
MT,2010,12,13.935483870967742,,,
MT,2011,01,12.319354838709682,,,
MT,2011,02,11.364285714285714,,,
MT,2011,03,12.738709677419354,,,
MT,2011,04,15.990000000000004,,,
MT,2011,05,18.561290322580643,,,
MT,2011,06,22.730000000000008,,,
MT,2011,07,26.167741935483868,,,
MT,2011,08,26.341935483870976,,,
MT,2011,09,24.64666666666667,,,
MT,2011,10,19.625806451612906,,,
MT,2011,11,17.116666666666667,,,
MT,2011,12,13.709677419354835,,,
MT,2012,01,11.219354838709679,,,
MT,2012,02,9.982758620689655,,,
MT,2012,03,12.83548387096774,,,
MT,2012,04,15.896666666666665,,,
MT,2012,05,19.95806451612904,,,
MT,2012,06,25.173333333333336,,,
MT,2012,07,27.929032258064503,,,
MT,2012,08,28.05161290322581,,,
MT,2012,09,24.763333333333332,,,
MT,2012,10,22.56774193548387,,,
MT,2012,11,18.90666666666667,,,
MT,2012,12,13.916129032258064,,,
MT,2013,01,13.122580645161287,,,
MT,2013,02,11.97857142857143,,,
MT,2013,03,14.635483870967743,,,
MT,2013,04,17.279999999999998,,,
MT,2013,05,19.919354838709676,,,
MT,2013,06,22.976666666666674,,,
MT,2013,07,26.299999999999997,,,
MT,2013,08,27.083870967741944,,,
MT,2013,09,24.72666666666667,,,
MT,2013,10,23.009677419354833,,,
MT,2013,11,17.336666666666666,,,
MT,2013,12,13.72903225806452,,,
MT,2014,01,13.954838709677423,,,
MT,2014,02,13.753571428571428,,,
MT,2014,03,13.419354838709674,,,
MT,2014,04,16.39333333333333,,,
MT,2014,05,19.0483870967742,,,
MT,2014,06,23.769999999999996,,,
MT,2014,07,25.496774193548383,,,
MT,2014,08,26.687096774193538,,,
MT,2014,09,25.583333333333332,,,
MT,2014,10,21.76451612903226,,,
MT,2014,11,18.726666666666667,,,
MT,2014,12,14.56451612903226,,,
MT,2015,01,12.783870967741937,,,
MT,2015,02,11.9,,,
MT,2015,03,13.296774193548385,,,
MT,2015,04,15.590000000000002,,,
MT,2015,05,20.24193548387097,,,
MT,2015,06,23.156666666666663,,,
MT,2015,07,27.54838709677419,,,
MT,2015,08,27.280645161290327,,,
MT,2015,09,25.286666666666665,,,
MT,2015,10,21.996774193548383,,,
MT,2015,11,17.673333333333332,,,
MT,2015,12,14.03225806451613,,,
MT,2016,01,13.261290322580646,,,
MT,2016,02,14.779310344827586,,,
MT,2016,03,14.541935483870967,,,
MT,2016,04,17.803333333333335,,,
MT,2016,05,19.59354838709677,,,
MT,2016,06,23.726666666666674,,,
MT,2016,07,26.280645161290327,,,
MT,2016,08,26.016129032258057,,,
MT,2016,09,24.310000000000006,,,
MT,2016,10,22.86129032258064,,,
MT,2016,11,18.36333333333333,,,
MT,2016,12,14.238709677419356,,,
MT,2017,01,11.296774193548387,,,
MT,2017,02,13.414285714285715,,,
MT,2017,03,14.367741935483869,,,
MT,2017,04,16.130000000000003,,,
MT,2017,05,20.44193548387096,,,
MT,2017,06,24.930000000000007,,,
MT,2017,07,27.309677419354838,,,
MT,2017,08,28.341935483870976,,,
MT,2017,09,24.159999999999993,,,
MT,2017,10,20.406451612903226,,,
MT,2017,11,17.03333333333333,,,
MT,2017,12,13.325806451612904,,,
MT,2018,01,13.948387096774193,,,
MT,2018,02,12.607142857142852,,,
MT,2018,03,15.006451612903227,,,
MT,2018,04,17.113333333333337,,,
MT,2018,05,19.764516129032256,,,
MT,2018,06,23.523333333333333,,,
MT,2018,07,26.93870967741935,,,
MT,2018,08,26.809677419354838,,,
MT,2018,09,25.36666666666667,,,
MT,2018,10,21.325806451612902,,,
MT,2018,11,18.203333333333333,,,
MT,2018,12,14.345161290322576,,,
MT,2019,01,11.309677419354838,,,
MT,2019,02,11.685714285714287,,,
MT,2019,03,14.141935483870968,,,
MT,2019,04,15.51,,,
MT,2019,05,17.754838709677422,,,
MT,2019,06,25.79,,,
MT,2019,07,27.480645161290315,,,
MT,2019,08,27.809677419354838,,,
MT,2019,09,24.979999999999993,,,
MT,2019,10,21.790322580645157,,,
MT,2019,11,17.863333333333333,,,
MT,2019,12,15.212903225806452,,,
MT,2020,01,12.561290322580643,,,
MT,2020,02,13.36896551724138,,,
MT,2020,03,13.964516129032257,,,
MT,2020,04,16.276666666666667,,,
MT,2020,05,20.670967741935485,,,
MT,2020,06,23.103333333333335,,,
MT,2020,07,26.648387096774194,,,
MT,2020,08,28.1258064516129,,,
MT,2020,09,25.206666666666667,,,
MT,2020,10,20.54516129032258,,,
MT,2020,11,17.45,,,
MT,2020,12,14.929032258064517,,,
MT,2021,01,13.964516129032257,,,
MT,2021,02,13.556,,,
MT,2021,03,13.487096774193546,,,
MT,2021,04,15.733333333333336,,,
MT,2021,05,20.332258064516125,,,
MT,2021,06,25.506666666666664,,,
MT,2021,07,27.906451612903233,,,
MT,2021,08,28.932258064516123,,,
MT,2021,09,25.93,,,
MT,2021,10,20.44516129032258,,,
MT,2021,11,18.01666666666667,,,
MT,2021,12,13.525806451612906,,,
MT,2022,01,11.625806451612899,,,
MT,2022,02,12.453571428571427,,,
MT,2022,03,12.400000000000002,,,
MT,2022,04,15.710000000000003,,,
MT,2022,05,20.3,,,
MT,2022,06,26.95666666666666,,,
MT,2022,07,28.39354838709678,,,
MT,2022,08,27.93870967741936,,,
MT,2022,09,25.943333333333335,,,
MT,2022,10,21.564516129032263,,,
MT,2022,11,17.96666666666666,,,
MT,2022,12,16.25161290322581,,,
NE,2001,09,22.779999999999998,,,
NE,2001,11,21.1,,,
NE,2002,05,23.823333333333334,,,
NE,2002,06,23.144827586206898,,,
NE,2002,07,23.110344827586204,,,
NE,2002,08,21.776923076923076,,,
NE,2002,09,23.542105263157897,,,
NE,2002,10,20.9,,,
NE,2003,05,24.373333333333335,,,
NE,2003,06,21.963333333333328,,,
NE,2003,07,22.72142857142858,,,
NE,2003,08,21.4,,,
NE,2003,09,23.172413793103452,,,
NE,2003,10,23.064516129032263,,,
NE,2003,11,24.0,,,
NE,2003,12,25.524137931034485,,,
NE,2004,01,26.419999999999998,,,
NE,2004,10,23.81034482758621,,,
NE,2004,11,23.860000000000007,,,
NE,2004,12,25.503225806451617,,,
NE,2005,01,26.592592592592588,,,
NE,2005,02,26.799999999999994,,,
NE,2005,03,26.125925925925927,,,
NE,2005,04,26.110000000000003,,,
NE,2005,05,22.916666666666668,,,
NE,2005,06,22.415384615384614,,,
NE,2005,07,21.31578947368421,,,
NE,2005,08,21.707142857142856,,,
NE,2005,09,23.66896551724138,,,
NE,2005,10,24.32999999999999,,,
NE,2005,11,25.04,,,
NE,2005,12,26.045161290322582,,,
NE,2006,01,25.980000000000004,,,
NE,2006,02,26.53703703703704,,,
NE,2006,03,26.419999999999998,,,
NE,2006,04,25.686206896551717,,,
NE,2006,05,23.680769230769233,,,
NE,2006,06,22.546153846153842,,,
NE,2006,07,21.866666666666667,,,
NE,2006,08,22.806666666666672,,,
NE,2006,09,22.907142857142862,,,
NE,2006,10,23.534482758620687,,,
NE,2006,11,24.47931034482759,,,
NE,2006,12,25.25925925925926,,,
NE,2007,01,25.96129032258065,,,
NE,2007,02,26.744,,,
NE,2007,03,25.521428571428572,,,
NE,2007,04,25.413333333333334,,,
NE,2007,05,24.534482758620687,,,
NE,2007,06,23.593333333333323,,,
NE,2007,07,22.67142857142857,,,
NE,2007,08,23.064705882352943,,,
NE,2007,09,23.68518518518519,,,
NE,2007,10,24.949999999999996,,,
NE,2007,11,25.221428571428568,,,
NE,2007,12,25.170833333333324,,,
NE,2008,01,25.24444444444444,,,
NE,2008,02,26.333333333333332,,,
NE,2008,03,25.52592592592593,,,
NE,2008,04,24.243999999999996,,,
NE,2008,05,24.978571428571428,,,
NE,2008,06,23.196428571428573,,,
NE,2008,07,21.106451612903225,,,
NE,2008,08,22.958620689655174,,,
NE,2008,09,23.519999999999996,,,
NE,2008,10,24.335483870967746,,,
NE,2008,11,25.275,,,
NE,2008,12,26.03666666666667,,,
NE,2009,01,26.26333333333334,,,
NE,2009,02,25.928571428571434,,,
NE,2009,03,25.75862068965517,,,
NE,2009,04,25.076666666666668,,,
NE,2009,05,24.47666666666667,,,
NE,2009,06,22.21,,,
NE,2009,07,22.34838709677419,,,
NE,2009,08,21.838709677419356,,,
NE,2009,09,22.35517241379311,,,
NE,2009,10,22.513793103448283,,,
NE,2009,11,23.026923076923076,,,
NE,2009,12,24.309677419354845,,,
NE,2013,01,26.860000000000003,,,
NE,2013,02,25.800000000000004,,,
NE,2013,03,26.160000000000004,,,
NE,2013,04,25.699999999999996,,,
NE,2013,05,25.514285714285716,,,
NE,2013,06,23.733333333333334,,,
NE,2013,07,24.183333333333337,,,
NE,2013,08,23.97142857142857,,,
NE,2013,09,24.11666666666667,,,
NE,2013,10,23.733333333333334,,,
NE,2013,11,25.76666666666667,,,
NE,2013,12,26.683333333333337,,,
NE,2014,01,26.450000000000003,,,
NE,2014,02,26.950000000000003,,,
NE,2014,03,26.559999999999995,,,
NE,2014,04,24.550000000000004,,,
NE,2014,05,24.2375,,,
NE,2014,06,22.75555555555556,,,
NE,2014,07,22.511111111111113,,,
NE,2014,08,22.311111111111114,,,
NE,2014,09,23.325,,,
NE,2014,10,23.975,,,
NE,2014,11,24.54285714285714,,,
NE,2014,12,24.939999999999998,,,
NE,2015,01,25.279999999999998,,,
NE,2015,02,26.375,,,
NE,2015,03,26.299999999999997,,,
NE,2015,04,24.7625,,,
NE,2015,05,24.466666666666665,,,
NE,2015,06,22.98888888888889,,,
NE,2015,07,21.522222222222222,,,
NE,2015,08,21.6375,,,
NE,2015,09,21.95,,,
NE,2015,10,21.9125,,,
NE,2015,11,24.366666666666664,,,
NE,2015,12,24.557142857142853,,,
NE,2016,01,26.663636363636364,,,
NE,2016,02,26.571428571428566,,,
NE,2016,03,25.699999999999996,,,
NE,2016,04,25.675,,,
NE,2016,05,23.288888888888888,,,
NE,2016,06,22.912499999999998,,,
NE,2016,07,22.788888888888888,,,
NE,2016,08,23.411111111111115,,,
NE,2016,09,24.325000000000003,,,
NE,2016,10,24.900000000000002,,,
NE,2016,11,25.400000000000002,,,
NE,2016,12,26.78333333333333,,,
NH,2000,01,27.32857142857143,,,
NH,2000,02,26.939534883720928,,,
NH,2000,03,26.676344086021523,,,
NH,2000,04,25.95238095238093,,,
NH,2000,05,25.665591397849468,,,
NH,2000,06,24.412643678160915,,,
NH,2000,07,23.209090909090907,,,
NH,2000,08,24.118681318681322,,,
NH,2000,09,24.260493827160502,,,
NH,2000,10,25.386746987951813,,,
NH,2000,11,25.94705882352941,,,
NH,2000,12,26.13947368421052,,,
NH,2001,01,27.436842105263157,,,
NH,2001,02,27.243548387096766,,,
NH,2001,03,27.2948051948052,,,
NH,2001,04,26.73714285714286,,,
NH,2001,05,25.769642857142852,,,
NH,2001,06,23.669135802469132,,,
NH,2001,07,23.2047619047619,,,
NH,2001,08,24.18461538461538,,,
NH,2001,09,24.520967741935483,,,
NH,2001,10,25.355,,,
NH,2001,11,26.909677419354832,,,
NH,2001,12,27.458904109589046,,,
NH,2002,01,28.238666666666674,,,
NH,2002,02,27.719117647058823,,,
NH,2002,03,27.10294117647058,,,
NH,2002,04,26.671428571428574,,,
NH,2002,05,25.27875000000001,,,
NH,2002,06,24.542187499999997,,,
NH,2002,07,22.33428571428571,,,
NH,2002,08,22.635294117647057,,,
NH,2002,09,23.664197530864197,,,
NH,2002,10,24.671951219512188,,,
NH,2002,11,24.970238095238084,,,
NH,2002,12,26.377499999999998,,,
NH,2003,01,27.066666666666663,,,
NH,2003,02,27.406666666666673,,,
NH,2003,03,27.35662650602409,,,
NH,2003,04,26.32317073170733,,,
NH,2003,05,25.879999999999985,,,
NH,2003,06,24.357317073170723,,,
NH,2003,07,23.023529411764706,,,
NH,2003,08,21.871264367816103,,,
NH,2003,09,23.339024390243896,,,
NH,2003,10,24.272826086956535,,,
NH,2003,11,25.45909090909091,,,
NH,2003,12,26.922093023255815,,,
NH,2004,01,27.60449438202247,,,
NH,2004,02,28.009302325581388,,,
NH,2004,03,27.22473118279568,,,
NH,2004,04,25.844186046511627,,,
NH,2004,05,24.865116279069756,,,
NH,2004,06,24.337209302325576,,,
NH,2004,07,22.965432098765437,,,
NH,2004,08,22.183146067415723,,,
NH,2004,09,23.35232558139534,,,
NH,2004,10,24.559090909090912,,,
NH,2004,11,25.09642857142857,,,
NH,2004,12,26.00217391304348,,,
NH,2005,01,27.63461538461539,,,
NH,2005,02,27.27349397590362,,,
NH,2005,03,26.878494623655907,,,
NH,2005,04,26.11,,,
NH,2005,05,25.491397849462363,,,
NH,2005,06,23.58095238095238,,,
NH,2005,07,22.80434782608696,,,
NH,2005,08,22.276344086021503,,,
NH,2005,09,23.8375,,,
NH,2005,10,24.592473118279564,,,
NH,2005,11,25.338888888888896,,,
NH,2005,12,26.404347826086955,,,
NH,2006,01,26.966666666666672,,,
NH,2006,02,27.312500000000007,,,
NH,2006,03,27.91149425287356,,,
NH,2006,04,26.857303370786514,,,
NH,2006,05,25.056989247311826,,,
NH,2006,06,23.326966292134834,,,
NH,2006,07,22.049462365591395,,,
NH,2006,08,22.340860215053763,,,
NH,2006,09,23.59333333333334,,,
NH,2006,10,24.046511627906977,,,
NH,2006,11,26.19887640449438,,,
NH,2006,12,25.722222222222218,,,
NH,2007,01,26.928260869565204,,,
NH,2007,02,27.049999999999997,,,
NH,2007,03,26.823076923076933,,,
NH,2007,04,26.113793103448273,,,
NH,2007,05,24.86630434782608,,,
NH,2007,06,25.368539325842708,,,
NH,2007,07,23.649462365591404,,,
NH,2007,08,24.254347826086953,,,
NH,2007,09,24.753932584269663,,,
NH,2007,10,25.001075268817214,,,
NH,2007,11,25.866666666666667,,,
NH,2007,12,25.875,,,
NH,2008,01,27.035483870967752,,,
NH,2008,02,27.243678160919554,,,
NH,2008,03,26.689247311827963,,,
NH,2008,04,26.385555555555545,,,
NH,2008,05,24.290322580645174,,,
NH,2008,06,23.744943820224716,,,
NH,2008,07,24.269999999999996,,,
NH,2008,08,24.43870967741936,,,
NH,2008,09,24.904494382022477,,,
NH,2008,10,25.633720930232574,,,
NH,2008,11,26.30333333333332,,,
NH,2008,12,26.142857142857142,,,
NH,2009,01,27.221505376344084,,,
NH,2009,02,27.253571428571426,,,
NH,2009,03,27.14301075268818,,,
NH,2009,04,26.277777777777764,,,
NH,2009,05,24.240659340659338,,,
NH,2009,06,23.9962962962963,,,
NH,2009,07,23.65934065934065,,,
NH,2009,08,22.90322580645161,,,
NH,2009,09,23.931460674157304,,,
NH,2009,10,24.506521739130424,,,
NH,2009,11,25.472413793103453,,,
NH,2009,12,26.9375,,,
NH,2010,01,27.10326086956522,,,
NH,2010,02,27.034210526315793,,,
NH,2010,03,26.814772727272725,,,
NH,2010,04,25.991111111111113,,,
NH,2010,05,25.239784946236565,,,
NH,2010,06,25.13285714285714,,,
NH,2010,07,23.6873417721519,,,
NH,2010,08,24.383333333333326,,,
NH,2010,09,25.967816091954028,,,
NH,2010,10,25.62365591397851,,,
NH,2010,11,25.955555555555556,,,
NH,2010,12,26.31206896551724,,,
NH,2011,01,27.44831460674157,,,
NH,2011,02,27.000000000000007,,,
NH,2011,03,26.592473118279578,,,
NH,2011,04,26.135555555555552,,,
NH,2011,05,25.510752688172037,,,
NH,2011,06,24.681111111111115,,,
NH,2011,07,23.692473118279572,,,
NH,2011,08,23.34301075268817,,,
NH,2011,09,23.967777777777783,,,
NH,2011,10,24.9494623655914,,,
NH,2011,11,25.466666666666658,,,
NH,2011,12,25.96666666666667,,,
NH,2012,01,26.541935483870972,,,
NH,2012,02,26.61609195402298,,,
NH,2012,03,26.835483870967735,,,
NH,2012,04,25.68444444444445,,,
NH,2012,05,24.517204301075267,,,
NH,2012,06,24.19222222222222,,,
NH,2012,07,23.37956989247312,,,
NH,2012,08,22.972043010752692,,,
NH,2012,09,23.6888888888889,,,
NH,2012,10,25.219354838709673,,,
NH,2012,11,25.09411764705883,,,
NH,2013,01,26.613978494623655,,,
NH,2013,02,26.524999999999995,,,
NH,2013,03,26.330107526881722,,,
NH,2013,04,26.493258426966293,,,
NH,2013,05,24.913043478260878,,,
NH,2013,06,24.256666666666664,,,
NH,2013,07,23.450537634408605,,,
NH,2013,08,23.55161290322581,,,
NH,2013,09,23.766666666666666,,,
NH,2013,10,24.749462365591402,,,
NH,2013,11,26.37111111111111,,,
NH,2014,01,27.25913978494622,,,
NH,2014,02,27.477380952380948,,,
NH,2014,03,26.96129032258064,,,
NH,2014,04,25.97888888888889,,,
NH,2014,05,24.872043010752684,,,
NH,2014,06,24.347777777777775,,,
NH,2014,07,22.568817204301077,,,
NH,2014,08,24.24946236559139,,,
NH,2014,09,24.454022988505752,,,
NH,2014,10,24.510752688172044,,,
NH,2014,11,25.496666666666666,,,
NH,2014,12,28.2,,,
NH,2015,01,27.06129032258065,,,
NH,2015,02,28.051190476190477,,,
NH,2015,03,27.70806451612904,,,
NH,2015,04,26.36081081081081,,,
NH,2015,05,25.01935483870969,,,
NH,2015,06,23.82111111111112,,,
NH,2015,07,23.695698924731186,,,
NH,2015,08,22.520430107526884,,,
NH,2015,09,23.127777777777784,,,
NH,2015,10,24.7268817204301,,,
NH,2015,11,26.306666666666676,,,
NH,2015,12,26.98222222222222,,,
NH,2016,01,27.210752688172043,,,
NH,2016,02,28.643023255813933,,,
NH,2016,03,27.66344086021505,,,
NH,2016,04,26.661111111111122,,,
NH,2016,05,25.32043010752689,,,
NH,2016,06,24.611111111111118,,,
NH,2016,07,24.17065217391304,,,
NH,2016,08,23.438202247191022,,,
NH,2016,09,24.003333333333334,,,
NH,2016,10,24.409677419354832,,,
NH,2016,11,26.16333333333334,,,
NH,2016,12,26.9,,,
NH,2017,01,27.226881720430107,,,
NH,2017,02,27.324999999999996,,,
NH,2017,03,27.27065217391304,,,
NH,2017,04,26.470000000000002,,,
NH,2017,05,25.915053763440856,,,
NH,2017,06,24.30333333333333,,,
NH,2017,07,23.292473118279563,,,
NH,2017,08,23.415217391304346,,,
NH,2017,09,24.034444444444453,,,
NH,2017,10,25.673118279569888,,,
NH,2017,11,26.149438202247193,,,
NH,2017,12,26.8,,,
NH,2018,01,27.090322580645157,,,
NH,2018,02,27.465476190476185,,,
NH,2018,03,27.178021978021984,,,
NH,2018,04,25.94333333333334,,,
NH,2018,05,24.261290322580653,,,
NH,2018,06,23.424444444444447,,,
NH,2018,07,23.49139784946237,,,
NH,2018,08,23.110752688172035,,,
NH,2018,09,23.67701149425288,,,
NH,2018,10,25.06344086021507,,,
NH,2018,11,25.898888888888884,,,
NH,2018,12,26.2,,,
NH,2019,01,27.005376344086027,,,
NH,2019,02,27.674999999999986,,,
NH,2019,03,27.494623655913983,,,
NH,2019,04,26.643333333333334,,,
NH,2019,05,25.121505376344082,,,
NH,2019,06,23.932222222222222,,,
NH,2019,07,23.005376344086027,,,
NH,2019,08,23.79139784946237,,,
NH,2019,09,23.80444444444444,,,
NH,2019,10,25.05806451612903,,,
NH,2019,11,25.68295454545455,,,
NH,2020,01,26.9763440860215,,,
NH,2020,02,27.757471264367823,,,
NH,2020,03,27.302150537634397,,,
NH,2020,04,26.117241379310357,,,
NH,2020,05,24.31612903225806,,,
NH,2020,06,24.823333333333327,,,
NH,2020,07,23.874193548387094,,,
NH,2020,08,24.238709677419358,,,
NH,2020,09,24.266666666666666,,,
NH,2020,10,25.717204301075263,,,
NH,2020,11,26.615909090909085,,,
NH,2021,01,27.179569892473122,,,
NH,2021,02,27.36266666666666,,,
NH,2021,03,26.36881720430108,,,
NH,2021,04,27.015730337078644,,,
NH,2021,05,25.19565217391305,,,
NH,2021,06,24.864444444444448,,,
NH,2021,07,25.08172043010753,,,
NH,2021,08,23.50537634408603,,,
NH,2021,09,24.162222222222223,,,
NH,2021,10,25.689247311827955,,,
NH,2021,11,26.167777777777783,,,
NH,2021,12,26.899999999999995,,,
NH,2022,01,27.32903225806451,,,
NH,2022,02,27.27142857142857,,,
NH,2022,03,26.887777777777774,,,
NH,2022,04,26.624444444444457,,,
NH,2022,05,25.85053763440861,,,
NH,2022,06,25.266666666666655,,,
NH,2022,07,25.444086021505374,,,
NH,2022,08,24.92580645161291,,,
NH,2022,09,25.766666666666676,,,
NH,2022,10,25.644086021505387,,,
NH,2022,11,26.793333333333333,,,
NH,2022,12,27.7,,,
PA,2000,01,28.999200000000002,,,
PA,2000,02,27.740789473684234,,,
PA,2000,03,27.101632653061206,,,
PA,2001,01,28.05274390243904,,,
PA,2001,02,27.352116402116398,,,
PA,2001,03,28.40170068027212,,,
PA,2002,01,27.58503401360543,,,
PA,2002,02,26.513140311804015,,,
PA,2002,03,28.36909090909091,,,
PA,2003,01,28.345863309352534,,,
PA,2003,02,27.010135135135144,,,
PA,2004,01,28.23686440677969,,,
PA,2004,02,27.0056603773585,,,
PA,2004,03,28.180392156862744,,,
PA,2005,01,27.731663326653305,,,
PA,2005,02,27.63304721030044,,,
PA,2005,03,27.53428571428571,,,
PA,2006,01,28.549999999999994,,,
PA,2006,02,28.177042801556432,,,
PA,2006,03,27.113953488372097,,,
PA,2006,04,24.190808823529416,,,
PA,2006,05,17.1,,,
PA,2007,01,28.564589235127478,,,
PA,2007,02,27.725382262996916,,,
PA,2007,03,27.538125,,,
PA,2008,01,27.3014598540146,,,
PA,2008,02,26.9861111111111,,,
PA,2008,03,26.346762589928066,,,
PA,2008,04,24.12250000000001,,,
PA,2009,01,27.20660792951542,,,
PA,2009,02,27.70303797468353,,,
PA,2009,03,28.29337748344371,,,
PA,2010,01,27.90187265917602,,,
PA,2010,02,28.794052863436104,,,
PA,2010,03,27.066666666666663,,,
PA,2011,01,28.13321234119784,,,
PA,2011,02,26.64387527839642,,,
PA,2012,01,28.459999999999997,,,
PA,2012,02,28.412444444444425,,,
PA,2013,01,28.45559502664298,,,
PA,2013,02,28.107551487414174,,,
PA,2014,01,28.301351351351332,,,
PA,2014,02,28.39511111111109,,,
PA,2014,03,24.409374999999997,,,
PA,2015,01,28.10243902439025,,,
PA,2015,02,27.236936936936956,,,
PA,2015,03,27.322857142857142,,,
PA,2016,01,28.43174603174603,,,
PA,2016,02,27.876763485477163,,,
PA,2016,03,25.89285714285714,,,
PA,2017,01,28.381108829568753,,,
PA,2017,02,27.441479820627805,,,
PA,2017,03,27.5044776119403,,,
PA,2018,01,26.503112033195016,,,
PA,2018,02,26.39999999999998,,,
PA,2018,03,25.77118644067796,,,
PA,2019,01,28.769391634980995,,,
PA,2019,02,27.23902953586498,,,
PA,2020,01,27.582012847965736,,,
PA,2020,02,26.85024630541871,,,
PA,2020,03,27.16771653543306,,,
PA,2021,01,26.642824074074085,,,
PA,2021,02,26.692156862745094,,,
PA,2021,03,26.02099236641223,,,
PA,2022,01,29.894503171247358,,,
PA,2022,02,28.313926940639274,,,
PA,2022,03,28.768539325842703,,,
TX,2000,01,3.212274368231047,,,
TX,2000,02,5.274215246636773,,,
TX,2001,01,0.6718637992831535,,,
TX,2001,02,5.459049773755654,,,
TX,2002,01,5.333693693693695,,,
TX,2002,02,6.335056179775279,,,
TX,2003,01,3.8582278481012606,,,
TX,2003,02,5.813199105145411,,,
TX,2004,01,6.124820143884887,,,
TX,2004,02,9.154279279279281,,,
TX,2005,01,3.151075268817203,,,
TX,2005,02,0.6739819004524886,,,
TX,2006,01,-2.326523297491039,,,
TX,2006,02,7.964027149321276,,,
TX,2007,01,5.2451612903225815,,,
TX,2007,02,7.215158371040727,,,
TX,2008,01,-8.541237113402065,,,
TX,2008,02,-0.392105263157894,,,
TX,2009,01,3.0465986394557825,,,
TX,2009,02,7.518446601941751,,,
TX,2010,01,5.068590831918507,,,
TX,2010,02,1.720681265206811,,,
TX,2011,01,2.7258064516129017,,,
TX,2011,02,3.9907542579075446,,,
TX,2012,01,0.9730050933786069,,,
TX,2012,02,-1.706082725060827,,,
TX,2013,01,5.517657045840416,,,
TX,2013,02,7.126277372262772,,,
TX,2014,01,3.2789473684210537,,,
TX,2014,02,-1.88248175182482,,,
TX,2015,01,3.3393887945670624,,,
TX,2015,02,7.34209245742092,,,
TX,2016,01,6.280135823429543,,,
TX,2016,02,5.006326034063261,,,
TX,2017,01,2.968760611205432,,,
TX,2017,02,1.158637469586374,,,
TX,2018,01,3.1322580645161286,,,
TX,2018,02,3.9433090024330935,,,
TX,2019,01,6.4843803056027145,,,
TX,2019,02,5.182238442822382,,,
TX,2020,01,3.354159592529714,,,
TX,2020,02,7.601459854014599,,,
TX,2021,01,2.213846153846154,,,
TX,2021,02,8.19084337349398,,,
TX,2022,01,4.71884550084889,,,
TX,2022,02,7.33333333333333,,,
WA,2000,01,22.903763440860214,,,
WA,2000,02,23.354597701149423,,,
WA,2000,03,22.552688172043023,,,
WA,2000,04,20.59345238095237,,,
WA,2000,05,18.27870967741937,,,
WA,2000,06,16.412213740458004,,,
WA,2001,01,26.405806451612907,,,
WA,2001,02,24.650714285714287,,,
WA,2001,03,24.156153846153842,,,
WA,2001,04,21.431468531468525,,,
WA,2001,05,18.567346938775504,,,
WA,2001,06,16.177272727272733,,,
WA,2001,07,14.52377622377622,,,
WA,2001,08,16.930000000000003,,,
WA,2002,01,24.57113402061856,,,
WA,2002,02,24.64237288135593,,,
WA,2002,03,23.65937500000001,,,
WA,2002,04,22.18098591549296,,,
WA,2002,05,18.765625,,,
WA,2002,06,15.574691358024689,,,
WA,2002,07,16.278034682080918,,,
WA,2002,08,17.765,,,
WA,2003,01,26.119553072625695,,,
WA,2003,02,25.02740740740741,,,
WA,2003,03,24.913636363636353,,,
WA,2003,04,23.25197740112995,,,
WA,2003,05,20.09009900990099,,,
WA,2003,06,17.118125000000006,,,
WA,2003,07,16.286111111111108,,,
WA,2004,01,23.82790697674419,,,
WA,2004,02,23.788461538461533,,,
WA,2004,03,23.709803921568632,,,
WA,2004,04,21.024489795918363,,,
WA,2004,05,18.414705882352937,,,
WA,2004,06,14.809433962264151,,,
WA,2004,07,13.441558441558438,,,
WA,2004,08,18.388953488372092,,,
WA,2004,09,21.224637681159425,,,
WA,2004,10,24.039047619047647,,,
WA,2004,11,27.150000000000002,,,
WA,2005,01,24.552049180327863,,,
WA,2005,02,24.491914893617018,,,
WA,2005,03,23.309230769230755,,,
WA,2005,04,21.35043859649122,,,
WA,2005,05,20.325510204081624,,,
WA,2006,01,22.628278688524592,,,
WA,2006,02,21.761578947368424,,,
WA,2006,03,20.485635359116028,,,
WA,2006,04,19.718518518518522,,,
WA,2006,05,16.434911242603548,,,
WA,2007,01,25.48870967741935,,,
WA,2007,02,24.759139784946232,,,
WA,2007,03,23.90091743119267,,,
WA,2007,04,22.63291139240507,,,
WA,2007,05,17.788321167883208,,,
WA,2007,06,14.158163265306126,,,
WA,2007,07,15.6273127753304,,,
WA,2007,08,16.692783505154637,,,
WA,2008,01,24.297461928934002,,,
WA,2008,02,22.925742574257434,,,
WA,2008,03,22.08884758364313,,,
WA,2008,04,20.467713004484317,,,
WA,2008,05,20.46788990825688,,,
WA,2009,01,24.836521739130433,,,
WA,2009,02,22.6077519379845,,,
WA,2009,03,22.575225225225232,,,
WA,2009,04,21.972888888888892,,,
WA,2009,05,19.124226804123712,,,
WA,2010,01,23.6816593886463,,,
WA,2010,02,24.64471153846154,,,
WA,2010,03,24.02535211267607,,,
WA,2010,04,21.378921568627447,,,
WA,2010,05,20.474657534246575,,,
WA,2011,01,22.888284518828442,,,
WA,2011,02,23.038655462184874,,,
WA,2011,03,22.00749999999999,,,
WA,2011,04,20.14553990610329,,,
WA,2011,05,20.50142857142857,,,
WA,2012,01,24.150207468879664,,,
WA,2012,02,22.333497536945814,,,
WA,2012,03,23.908133971291864,,,
WA,2012,04,20.4470588235294,,,
WA,2012,05,19.35688073394495,,,
WA,2013,01,24.981724137931035,,,
WA,2013,02,25.189694656488562,,,
WA,2013,03,24.334343434343428,,,
WA,2013,04,21.996688741721865,,,
WA,2014,01,23.355087719298243,,,
WA,2014,02,22.812635379061383,,,
WA,2014,03,21.95784313725491,,,
WA,2014,04,21.15833333333333,,,
WA,2015,01,25.36051660516604,,,
WA,2015,02,25.271074380165295,,,
WA,2015,03,23.792592592592598,,,
WA,2015,04,21.241600000000016,,,
WA,2015,05,20.029166666666665,,,
WA,2016,01,25.663320463320467,,,
WA,2016,02,25.30966386554624,,,
WA,2016,03,23.37615384615386,,,
WA,2016,04,22.872173913043504,,,
WA,2016,05,22.184615384615388,,,
WA,2017,01,24.3369918699187,,,
WA,2017,02,22.939055793991418,,,
WA,2017,03,22.622262773722618,,,
WA,2017,04,20.793965517241382,,,
WA,2017,05,19.446666666666662,,,
WA,2018,01,26.08543307086616,,,
WA,2018,02,25.355458515283825,,,
WA,2018,03,23.291489361702126,,,
WA,2018,04,21.66346153846153,,,
WA,2018,05,21.239189189189183,,,
WA,2019,01,26.530651340996165,,,
WA,2019,02,26.597967479674814,,,
WA,2019,03,26.511827956989237,,,
WA,2019,04,23.02663551401869,,,
WA,2020,01,25.26123188405797,,,
WA,2020,02,24.391235059760945,,,
WA,2020,03,23.066403162055337,,,
WA,2020,04,21.76363636363637,,,
WA,2021,01,23.737826086956545,,,
WA,2021,02,23.893406593406592,,,
WA,2021,03,22.718181818181794,,,
WA,2021,04,21.837768240343348,,,
WA,2021,05,18.73548387096774,,,
WA,2022,01,24.52490842490842,,,
WA,2022,02,23.73659574468083,,,
WA,2022,03,21.82093862815886,,,
WA,2022,04,20.563720930232556,,,
